Workbook
Name Slicer_Completion_Status: #N/A
Name Slicer_Course_Name: #N/A
Name Slicer_Mode_of_Training: #N/A
Name Slicer_State: #N/A

Sheet Detail1
A1: Details for Total_Teachers - State: Kerala
A3: Certificate_Issued | B3: Training_Hours | C3: Region | D3: State | E3: Email_ID | F3: Experience_Years | G3: Certificate_Status_Clean | H3: Completed_Flag | I3: Enrollment_Flag | J3: Training_Duration_Days | K3: Experience_Band
A4: No | B4: 11 | C4: South | D4: Kerala | E4: teacher500@school.edu | F4: 10 | G4: No | H4: 0 | I4: 1 | J4: 59 | K4: 5-10 Years
A5: No | B5: 39 | C5: South | D5: Kerala | E5: teacher2@school.edu | F5: 3 | G5: No | H5: 0 | I5: 1 | J5: 36 | K5: 0-5 Years
A6: Yes | B6: 43 | C6: South | D6: Kerala | E6: teacher492@school.edu | F6: 13 | G6: Yes | H6: 1 | I6: 1 | J6: 55 | K6: 11-20 Years
A7: No | B7: 27 | C7: North | D7: Kerala | E7: teacher490@school.edu | F7: 4 | G7: No | H7: 0 | I7: 1 | J7: 45 | K7: 0-5 Years
A8: No | B8: 56 | C8: North | D8: Kerala | E8: teacher484@school.edu | F8: 8 | G8: No | H8: 0 | I8: 1 | J8: 50 | K8: 5-10 Years
A9: No | B9: 33 | C9: West | D9: Kerala | E9: teacher476@school.edu | F9: 21 | G9: No | H9: 0 | I9: 1 | J9: 52 | K9: 20+ Years
A10: No | B10: 36 | C10: West | D10: Kerala | E10: teacher475@school.edu | F10: 20 | G10: No | H10: 0 | I10: 1 | J10: 7 | K10: 11-20 Years
A11: No | B11: 59 | C11: East | D11: Kerala | E11: teacher473@school.edu | F11: 10 | G11: No | H11: 0 | I11: 1 | J11: 56 | K11: 5-10 Years
A12: No | B12: 49 | C12: East | D12: Kerala | E12: teacher464@school.edu | F12: 12 | G12: No | H12: 0 | I12: 1 | J12: 48 | K12: 11-20 Years
A13: Yes | B13: 9 | C13: South | D13: Kerala | E13: teacher456@school.edu | F13: 21 | G13: Yes | H13: 1 | I13: 1 | J13: 36 | K13: 20+ Years
A14: No | B14: 34 | C14: South | D14: Kerala | E14: teacher454@school.edu | F14: 5 | G14: No | H14: 0 | I14: 1 | J14: 16 | K14: 0-5 Years
A15: No | B15: 5 | C15: North | D15: Kerala | E15: teacher451@school.edu | F15: 29 | G15: No | H15: 0 | I15: 1 | J15: 39 | K15: 20+ Years
... A106: No | B106: 38 | C106: South | D106: Kerala | E106: teacher109@school.edu | F106: 14 | G106: No | H106: 0 | I106: 1 | J106: 31 | K106: 11-20 Years

Sheet Pivots
A2: 1.Course-wise Teacher Enrollment | G2: 5.Experience vs Completion
A3: Row Labels | B3: Total Teachers | G3: Row Labels | H3: Sum of Enrollment_Flag | I3: Sum of Completed_Flag | J3: Completed Percentage
A4: Inclusive Education | B4: 119 | C4: Inclusive Education | D4: 119 | G4: 0-5 Years | H4: 79 | I4: 24 | J4: 0.30379747 | K4: 0-5 Years | L4: 0.30379747
A5: EdTech Tools | B5: 102 | C5: EdTech Tools | D5: 102 | G5: 11-20 Years | H5: 137 | I5: 60 | J5: 0.4379562 | K5: 11-20 Years | L5: 0.4379562
A6: Digital Teaching | B6: 93 | C6: Digital Teaching | D6: 93 | G6: 20+ Years | H6: 205 | I6: 61 | J6: 0.29756098 | K6: 20+ Years | L6: 0.29756098
A7: Classroom Management | B7: 96 | C7: Classroom Management | D7: 96 | G7: 5-10 Years | H7: 79 | I7: 21 | J7: 0.26582278 | K7: 5-10 Years | L7: 0.26582278
A8: Assessment Skills | B8: 90 | C8: Assessment Skills | D8: 90 | G8: Grand Total | H8: 500 | I8: 166 | J8: 0.332
A9: Grand Total | B9: 500
A10: 2.Course-wise Completion Rate | G10: 6.Mode of Training Effectiveness
A11: Row Labels | B11: Total_Enrolled | C11: Completed | D11: Sum of Completion Rate | G11: Row Labels | H11: Sum of Completed_Flag | I11: Sum of Enrollment_Flag | J11: Average of Completion Rate
A12: Assessment Skills | B12: 90 | C12: 31 | D12: 0.34444444 | G12: Hybrid | H12: 52 | I12: 156 | J12: 0.33333333 | K12: Hybrid | L12: 0.33333333
A13: Classroom Management | B13: 96 | C13: 37 | D13: 0.38541667 | G13: Offline | H13: 60 | I13: 172 | J13: 0.34883721 | K13: Offline | L13: 0.34883721
A14: Digital Teaching | B14: 93 | C14: 27 | D14: 0.29032258 | G14: Online | H14: 54 | I14: 172 | J14: 0.31395349 | K14: Online | L14: 0.31395349
A15: EdTech Tools | B15: 102 | C15: 28 | D15: 0.2745098 | G15: Grand Total | H15: 166 | I15: 500 | J15: 0.332
A16: Inclusive Education | B16: 119 | C16: 43 | D16: 0.36134454
A17: Grand Total | B17: 500 | C17: 166 | D17: 0.332
A18: 3.State-wise Teacher Distribution | G18: 7.Training Hours Insight | J18: 8.Teacher Drill-Down Table (IMPORTANT)
A19: Row Labels | B19: Total_Teachers | G19: Row Labels | H19: Average of Training_Hours
A20: Delhi | B20: 96 | G20: Delhi | H20: 33.28125 | J20: Course_Name | K20: (All)
A21: Karnataka | B21: 102 | G21: Karnataka | H21: 30.676471 | J21: State | K21: (All)
A22: Kerala | B22: 103 | G22: Kerala | H22: 30.951456
A23: Maharashtra | B23: 106 | G23: Maharashtra | H23: 31.141509 | J23: Row Labels | K23: Count of Completion_Status
A24: Tamil Nadu | B24: 93 | G24: Tamil Nadu | H24: 29.698925 | J24: Amit K | K24: 12
A25: Grand Total | B25: 500 | G25: Grand Total | H25: 31.15 | J25: Amit M | K25: 11
A26: 4.State-wise Completion Performance | J26: Amit R | K26: 18
A27: Row Labels | B27: Sum of Completed_Flag | C27: Sum of Enrollment_Flag | D27: Sum of State Completion % | J27: Amit S | K27: 10
A28: Delhi | B28: 40 | C28: 96 | D28: 0.41666667 | J28: Anjali K | K28: 8
A29: Karnataka | B29: 38 | C29: 102 | D29: 0.37254902 | J29: Anjali M | K29: 15
A30: Kerala | B30: 27 | C30: 103 | D30: 0.26213592 | J30: Anjali R | K30: 12
A31: Maharashtra | B31: 36 | C31: 106 | D31: 0.33962264 | J31: Anjali S | K31: 13
A32: Tamil Nadu | B32: 25 | C32: 93 | D32: 0.2688172 | J32: Kiran K | K32: 19
A33: Grand Total | B33: 166 | C33: 500 | D33: 0.332 | J33: Kiran M | K33: 12
J34: Kiran R | K34: 17
A35: Delhi | B35: 0.41666667 | J35: Kiran S | K35: 22
A36: Karnataka | B36: 0.37254902 | J36: Neha K | K36: 8
A37: Kerala | B37: 0.26213592 | J37: Neha M | K37: 9
A38: Maharashtra | B38: 0.33962264 | J38: Neha R | K38: 18
A39: Tamil Nadu | B39: 0.2688172 | J39: Neha S | K39: 5
J40: Pooja K | K40: 11
J41: Pooja M | K41: 15
J42: Pooja R | K42: 14
J43: Pooja S | K43: 10
J44: Priya K | K44: 12
J45: Priya M | K45: 15
J46: Priya R | K46: 12
J47: Priya S | K47: 12
J48: Rahul K | K48: 12
J49: Rahul M | K49: 14
J50: Rahul R | K50: 11
J51: Rahul S | K51: 9
... J64: Grand Total | K64: 500

Sheet Dashboard
G1: Teacher Upskilling Dashboard
G2: Interactive analysis of course enrollment, completion, and regional performance
E16: Course-wise Enrollment | N16: State-wise Distribution
AE35: Top courses | AF35: =MAX(Pivots!D4:D8) -> 119
AE36: Max Enrolment | AF36: =INDEX(Pivots!C4:C8, MATCH(AF35, Pivots!D4:D8, 0)) -> Inclusive Education
AE37: Max Completion % | AF37: =MAX(Pivots!B35:B39) -> 0.41666667
AE38: Best state | AF38: =INDEX(Pivots!A35:A39, MATCH(Dashboard!AF37, Pivots!B35:B39, 0)) -> Delhi
B39: Completion Rate by Course | O39: Mode of Training Effectiveness | AE39: Best Mode | AF39: =MAX(Pivots!L11:L13) -> 0.34883721
AE40: Completation rate | AF40: =INDEX(Pivots!K12:K14, MATCH(AF39, Pivots!L12:L14, 0)) -> Offline
AE41: Experience Band Insight | AF41: =MAX(Pivots!L4:L8) -> 0.4379562
AF42: =INDEX(Pivots!K4:K10, MATCH(AF41, Pivots!L4:L8, 0)) -> 11-20 Years
AF44: ="• "&AF36&" is the most enrolled course with "&AF35&" teachers." -> • Inclusive Education is the most enrolled course with 119 teachers.
AF45: ="• "&AF38&" shows the highest completion rate ("&TEXT(AF37,"0%")&")." -> • Delhi shows the highest completion rate (42%).
AF46: ="• "&AF40&" Mode shows the highest completion rate ("&TEXT(AF39,"0%")&")." -> • Offline Mode shows the highest completion rate (35%).
AF47: ="• "&AF42&" experienced reachers has the highest completion rate ("&TEXT(AF41,"0%")&")." -> • 11-20 Years experienced reachers has the highest completion rate (44%).
AF50: =AF44 & CHAR(10) & AF45 & CHAR(10) & AF46 & CHAR(10) & AF47 & CHAR(10) -> • Inclusive Education is the most enrolled course with 119 teachers. • Delhi shows the highest completion rate (42%). • Offline Mode shows the highest completion rate (35%). • 11-20 Years experienced reachers has the highest completion rate (44%).
B56: Experience vs Completion | O56: Key Insights
Q70: How to use:
P71: • Use slicers to filter by course, state, or mode
P72: • Charts and insights update automatically
P73: • Click chart bars to drill down (where applicable)

Sheet Teacher_Course_Completion
A1: Teacher_ID | B1: Teacher_Name | C1: Gender | D1: Age | E1: School_Name | F1: Subject | G1: Course_Name | H1: Course_Category | I1: Mode_of_Training | J1: Start_Date | K1: End_Date | L1: Completion_Status | M1: Completion_Percentage | N1: Assessment_Score | O1: Certificate_Issued | P1: Training_Hours | Q1: Region | R1: State | S1: Email_ID | T1: Experience_Years | U1: Certificate_Status_Clean | V1: Completed_Flag | W1: Enrollment_Flag | X1: Training_Duration_Days | Y1: Experience_Band
A2: T0001 | B2: Suresh R | C2: Female | D2: 47 | E2: Public School | F2: Science | G2: EdTech Tools | H2: Assessment | I2: Offline | J2: 45406 | K2: 45419 | L2: In Progress | M2: 67 | O2: No | P2: 32 | Q2: North | R2: Delhi | S2: teacher1@school.edu | T2: 3 | U2: =IF(Teacher_Data[[#This Row],[Completion_Status]]="Completed","Yes","No") -> No | V2: =IF(Teacher_Data[[#This Row],[Completion_Status]]="Completed",1,0) -> 0 | W2: =1 -> 1 | X2: =Teacher_Data[[#This Row],[End_Date]]-Teacher_Data[[#This Row],[Start_Date]] -> 13 | Y2: =_xlfn.IFS(Teacher_Data[[#This Row],[Experience_Years]]<=5,"0-5 Years",Teacher_Data[[#This Row],[Experience_Years]]<=10,"5-10 Years",Teacher_Data[[#This Row],[Experience_Years]]<=20,"11-20 Years",TRUE,"20+ Years") -> 0-5 Years
A3: T0002 | B3: Amit K | C3: Male | D3: 22 | E3: International School | F3: Social Science | G3: Digital Teaching | H3: Professional Development | I3: Offline | J3: 45441 | K3: 45477 | L3: In Progress | M3: 45 | O3: No | P3: 39 | Q3: South | R3: Kerala | S3: teacher2@school.edu | T3: 3 | U3: =IF(Teacher_Data[[#This Row],[Completion_Status]]="Completed","Yes","No") -> No | V3: =IF(Teacher_Data[[#This Row],[Completion_Status]]="Completed",1,0) -> 0 | W3: =1 -> 1 | X3: =Teacher_Data[[#This Row],[End_Date]]-Teacher_Data[[#This Row],[Start_Date]] -> 36 | Y3: =_xlfn.IFS(Teacher_Data[[#This Row],[Experience_Years]]<=5,"0-5 Years",Teacher_Data[[#This Row],[Experience_Years]]<=10,"5-10 Years",Teacher_Data[[#This Row],[Experience_Years]]<=20,"11-20 Years",TRUE,"20+ Years") -> 0-5 Years
A4: T0003 | B4: Priya S | C4: Female | D4: 33 | E4: Public School | F4: Science | G4: Classroom Management | H4: Assessment | I4: Online | J4: 45360 | K4: 45380 | L4: In Progress | M4: 53 | O4: No | P4: 39 | Q4: South | R4: Delhi | S4: teacher3@school.edu | T4: 3 | U4: =IF(Teacher_Data[[#This Row],[Completion_Status]]="Completed","Yes","No") -> No | V4: =IF(Teacher_Data[[#This Row],[Completion_Status]]="Completed",1,0) -> 0 | W4: =1 -> 1 | X4: =Teacher_Data[[#This Row],[End_Date]]-Teacher_Data[[#This Row],[Start_Date]] -> 20 | Y4: =_xlfn.IFS(Teacher_Data[[#This Row],[Experience_Years]]<=5,"0-5 Years",Teacher_Data[[#This Row],[Experience_Years]]<=10,"5-10 Years",Teacher_Data[[#This Row],[Experience_Years]]<=20,"11-20 Years",TRUE,"20+ Years") -> 0-5 Years
A5: T0004 | B5: Ravi R | C5: Female | D5: 43 | E5: Public School | F5: Social Science | G5: Classroom Management | H5: Pedagogy | I5: Hybrid | J5: 45429 | K5: 45488 | L5: Completed | M5: 78 | N5: 92 | O5: Yes | P5: 13 | Q5: North | R5: Delhi | S5: teacher4@school.edu | T5: 13 | U5: =IF(Teacher_Data[[#This Row],[Completion_Status]]="Completed","Yes","No") -> Yes | V5: =IF(Teacher_Data[[#This Row],[Completion_Status]]="Completed",1,0) -> 1 | W5: =1 -> 1 | X5: =Teacher_Data[[#This Row],[End_Date]]-Teacher_Data[[#This Row],[Start_Date]] -> 59 | Y5: =_xlfn.IFS(Teacher_Data[[#This Row],[Experience_Years]]<=5,"0-5 Years",Teacher_Data[[#This Row],[Experience_Years]]<=10,"5-10 Years",Teacher_Data[[#This Row],[Experience_Years]]<=20,"11-20 Years",TRUE,"20+ Years") -> 11-20 Years
A6: T0005 | B6: Rahul M | C6: Female | D6: 37 | E6: Central School | F6: Social Science | G6: Inclusive Education | H6: Technology | I6: Online | J6: 45440 | K6: 45496 | L6: Not Completed | M6: 1 | O6: No | P6: 52 | Q6: West | R6: Maharashtra | S6: teacher5@school.edu | T6: 19 | U6: =IF(Teacher_Data[[#This Row],[Completion_Status]]="Completed","Yes","No") -> No | V6: =IF(Teacher_Data[[#This Row],[Completion_Status]]="Completed",1,0) -> 0 | W6: =1 -> 1 | X6: =Teacher_Data[[#This Row],[End_Date]]-Teacher_Data[[#This Row],[Start_Date]] -> 56 | Y6: =_xlfn.IFS(Teacher_Data[[#This Row],[Experience_Years]]<=5,"0-5 Years",Teacher_Data[[#This Row],[Experience_Years]]<=10,"5-10 Years",Teacher_Data[[#This Row],[Experience_Years]]<=20,"11-20 Years",TRUE,"20+ Years") -> 11-20 Years
A7: T0006 | B7: Sneha M | C7: Male | D7: 33 | E7: Govt High School | F7: Maths | G7: EdTech Tools | H7: Technology | I7: Hybrid | J7: 45545 | K7: 45564 | L7: Completed | M7: 73 | N7: 56 | O7: Yes | P7: 24 | Q7: East | R7: Delhi | S7: teacher6@school.edu | T7: 8 | U7: =IF(Teacher_Data[[#This Row],[Completion_Status]]="Completed","Yes","No") -> Yes | V7: =IF(Teacher_Data[[#This Row],[Completion_Status]]="Completed",1,0) -> 1 | W7: =1 -> 1 | X7: =Teacher_Data[[#This Row],[End_Date]]-Teacher_Data[[#This Row],[Start_Date]] -> 19 | Y7: =_xlfn.IFS(Teacher_Data[[#This Row],[Experience_Years]]<=5,"0-5 Years",Teacher_Data[[#This Row],[Experience_Years]]<=10,"5-10 Years",Teacher_Data[[#This Row],[Experience_Years]]<=20,"11-20 Years",TRUE,"20+ Years") -> 5-10 Years
A8: T0007 | B8: Rahul R | C8: Female | D8: 49 | E8: International School | F8: Maths | G8: Classroom Management | H8: Technology | I8: Offline | J8: 45458 | K8: 45480 | L8: Completed | M8: 84 | N8: 67 | O8: Yes | P8: 27 | Q8: East | R8: Karnataka | S8: teacher7@school.edu | T8: 15 | U8: =IF(Teacher_Data[[#This Row],[Completion_Status]]="Completed","Yes","No") -> Yes | V8: =IF(Teacher_Data[[#This Row],[Completion_Status]]="Completed",1,0) -> 1 | W8: =1 -> 1 | X8: =Teacher_Data[[#This Row],[End_Date]]-Teacher_Data[[#This Row],[Start_Date]] -> 22 | Y8: =_xlfn.IFS(Teacher_Data[[#This Row],[Experience_Years]]<=5,"0-5 Years",Teacher_Data[[#This Row],[Experience_Years]]<=10,"5-10 Years",Teacher_Data[[#This Row],[Experience_Years]]<=20,"11-20 Years",TRUE,"20+ Years") -> 11-20 Years
A9: T0008 | B9: Neha K | C9: Female | D9: 41 | E9: Govt High School | F9: Social Science | G9: Assessment Skills | H9: Technology | I9: Online | J9: 45550 | K9: 45565 | L9: In Progress | M9: 81 | O9: No | P9: 54 | Q9: North | R9: Maharashtra | S9: teacher8@school.edu | T9: 35 | U9: =IF(Teacher_Data[[#This Row],[Completion_Status]]="Completed","Yes","No") -> No | V9: =IF(Teacher_Data[[#This Row],[Completion_Status]]="Completed",1,0) -> 0 | W9: =1 -> 1 | X9: =Teacher_Data[[#This Row],[End_Date]]-Teacher_Data[[#This Row],[Start_Date]] -> 15 | Y9: =_xlfn.IFS(Teacher_Data[[#This Row],[Experience_Years]]<=5,"0-5 Years",Teacher_Data[[#This Row],[Experience_Years]]<=10,"5-10 Years",Teacher_Data[[#This Row],[Experience_Years]]<=20,"11-20 Years",TRUE,"20+ Years") -> 20+ Years
A10: T0009 | B10: Suresh S | C10: Male | D10: 31 | E10: Govt High School | F10: Maths | G10: EdTech Tools | H10: Professional Development | I10: Online | J10: 45534 | K10: 45550 | L10: In Progress | M10: 67 | O10: No | P10: 45 | Q10: South | R10: Delhi | S10: teacher9@school.edu | T10: 25 | U10: =IF(Teacher_Data[[#This Row],[Completion_Status]]="Completed","Yes","No") -> No | V10: =IF(Teacher_Data[[#This Row],[Completion_Status]]="Completed",1,0) -> 0 | W10: =1 -> 1 | X10: =Teacher_Data[[#This Row],[End_Date]]-Teacher_Data[[#This Row],[Start_Date]] -> 16 | Y10: =_xlfn.IFS(Teacher_Data[[#This Row],[Experience_Years]]<=5,"0-5 Years",Teacher_Data[[#This Row],[Experience_Years]]<=10,"5-10 Years",Teacher_Data[[#This Row],[Experience_Years]]<=20,"11-20 Years",TRUE,"20+ Years") -> 20+ Years
A11: T0010 | B11: Sneha K | C11: Female | D11: 29 | E11: Central School | F11: English | G11: EdTech Tools | H11: Professional Development | I11: Online | J11: 45357 | K11: 45415 | L11: Completed | M11: 92 | N11: 92 | O11: Yes | P11: 45 | Q11: South | R11: Maharashtra | S11: teacher10@school.edu | T11: 23 | U11: =IF(Teacher_Data[[#This Row],[Completion_Status]]="Completed","Yes","No") -> Yes | V11: =IF(Teacher_Data[[#This Row],[Completion_Status]]="Completed",1,0) -> 1 | W11: =1 -> 1 | X11: =Teacher_Data[[#This Row],[End_Date]]-Teacher_Data[[#This Row],[Start_Date]] -> 58 | Y11: =_xlfn.IFS(Teacher_Data[[#This Row],[Experience_Years]]<=5,"0-5 Years",Teacher_Data[[#This Row],[Experience_Years]]<=10,"5-10 Years",Teacher_Data[[#This Row],[Experience_Years]]<=20,"11-20 Years",TRUE,"20+ Years") -> 20+ Years
A12: T0011 | B12: Ravi M | C12: Male | D12: 59 | E12: Govt High School | F12: English | G12: Inclusive Education | H12: Assessment | I12: Offline | J12: 45299 | K12: 45343 | L12: Not Completed | M12: 4 | O12: No | P12: 24 | Q12: South | R12: Maharashtra | S12: teacher11@school.edu | T12: 15 | U12: =IF(Teacher_Data[[#This Row],[Completion_Status]]="Completed","Yes","No") -> No | V12: =IF(Teacher_Data[[#This Row],[Completion_Status]]="Completed",1,0) -> 0 | W12: =1 -> 1 | X12: =Teacher_Data[[#This Row],[End_Date]]-Teacher_Data[[#This Row],[Start_Date]] -> 44 | Y12: =_xlfn.IFS(Teacher_Data[[#This Row],[Experience_Years]]<=5,"0-5 Years",Teacher_Data[[#This Row],[Experience_Years]]<=10,"5-10 Years",Teacher_Data[[#This Row],[Experience_Years]]<=20,"11-20 Years",TRUE,"20+ Years") -> 11-20 Years
A13: T0012 | B13: Kiran R | C13: Male | D13: 41 | E13: International School | F13: Science | G13: Digital Teaching | H13: Pedagogy | I13: Online | J13: 45518 | K13: 45529 | L13: In Progress | M13: 97 | O13: No | P13: 7 | Q13: East | R13: Karnataka | S13: teacher12@school.edu | T13: 31 | U13: =IF(Teacher_Data[[#This Row],[Completion_Status]]="Completed","Yes","No") -> No | V13: =IF(Teacher_Data[[#This Row],[Completion_Status]]="Completed",1,0) -> 0 | W13: =1 -> 1 | X13: =Teacher_Data[[#This Row],[End_Date]]-Teacher_Data[[#This Row],[Start_Date]] -> 11 | Y13: =_xlfn.IFS(Teacher_Data[[#This Row],[Experience_Years]]<=5,"0-5 Years",Teacher_Data[[#This Row],[Experience_Years]]<=10,"5-10 Years",Teacher_Data[[#This Row],[Experience_Years]]<=20,"11-20 Years",TRUE,"20+ Years") -> 20+ Years
A14: T0013 | B14: Rahul R | C14: Female | D14: 23 | E14: Govt High School | F14: Social Science | G14: Inclusive Education | H14: Pedagogy | I14: Online | J14: 45504 | K14: 45554 | L14: Not Completed | M14: 1 | O14: No | P14: 44 | Q14: West | R14: Kerala | S14: teacher13@school.edu | T14: 34 | U14: =IF(Teacher_Data[[#This Row],[Completion_Status]]="Completed","Yes","No") -> No | V14: =IF(Teacher_Data[[#This Row],[Completion_Status]]="Completed",1,0) -> 0 | W14: =1 -> 1 | X14: =Teacher_Data[[#This Row],[End_Date]]-Teacher_Data[[#This Row],[Start_Date]] -> 50 | Y14: =_xlfn.IFS(Teacher_Data[[#This Row],[Experience_Years]]<=5,"0-5 Years",Teacher_Data[[#This Row],[Experience_Years]]<=10,"5-10 Years",Teacher_Data[[#This Row],[Experience_Years]]<=20,"11-20 Years",TRUE,"20+ Years") -> 20+ Years
A15: T0014 | B15: Kiran M | C15: Male | D15: 42 | E15: Central School | F15: Science | G15: Digital Teaching | H15: Pedagogy | I15: Hybrid | J15: 45353 | K15: 45401 | L15: In Progress | M15: 99 | O15: No | P15: 23 | Q15: South | R15: Delhi | S15: teacher14@school.edu | T15: 34 | U15: =IF(Teacher_Data[[#This Row],[Completion_Status]]="Completed","Yes","No") -> No | V15: =IF(Teacher_Data[[#This Row],[Completion_Status]]="Completed",1,0) -> 0 | W15: =1 -> 1 | X15: =Teacher_Data[[#This Row],[End_Date]]-Teacher_Data[[#This Row],[Start_Date]] -> 48 | Y15: =_xlfn.IFS(Teacher_Data[[#This Row],[Experience_Years]]<=5,"0-5 Years",Teacher_Data[[#This Row],[Experience_Years]]<=10,"5-10 Years",Teacher_Data[[#This Row],[Experience_Years]]<=20,"11-20 Years",TRUE,"20+ Years") -> 20+ Years
A16: T0015 | B16: Ravi M | C16: Female | D16: 53 | E16: Central School | F16: English | G16: Classroom Management | H16: Professional Development | I16: Offline | J16: 45578 | K16: 45590 | L16: Completed | M16: 73 | N16: 56 | O16: Yes | P16: 36 | Q16: South | R16: Delhi | S16: teacher15@school.edu | T16: 18 | U16: =IF(Teacher_Data[[#This Row],[Completion_Status]]="Completed","Yes","No") -> Yes | V16: =IF(Teacher_Data[[#This Row],[Completion_Status]]="Completed",1,0) -> 1 | W16: =1 -> 1 | X16: =Teacher_Data[[#This Row],[End_Date]]-Teacher_Data[[#This Row],[Start_Date]] -> 12 | Y16: =_xlfn.IFS(Teacher_Data[[#This Row],[Experience_Years]]<=5,"0-5 Years",Teacher_Data[[#This Row],[Experience_Years]]<=10,"5-10 Years",Teacher_Data[[#This Row],[Experience_Years]]<=20,"11-20 Years",TRUE,"20+ Years") -> 11-20 Years
A17: T0016 | B17: Priya R | C17: Female | D17: 47 | E17: Govt High School | F17: Computer Science | G17: Assessment Skills | H17: Assessment | I17: Online | J17: 45378 | K17: 45414 | L17: Not Completed | M17: 13 | O17: No | P17: 48 | Q17: North | R17: Karnataka | S17: teacher16@school.edu | T17: 31 | U17: =IF(Teacher_Data[[#This Row],[Completion_Status]]="Completed","Yes","No") -> No | V17: =IF(Teacher_Data[[#This Row],[Completion_Status]]="Completed",1,0) -> 0 | W17: =1 -> 1 | X17: =Teacher_Data[[#This Row],[End_Date]]-Teacher_Data[[#This Row],[Start_Date]] -> 36 | Y17: =_xlfn.IFS(Teacher_Data[[#This Row],[Experience_Years]]<=5,"0-5 Years",Teacher_Data[[#This Row],[Experience_Years]]<=10,"5-10 Years",Teacher_Data[[#This Row],[Experience_Years]]<=20,"11-20 Years",TRUE,"20+ Years") -> 20+ Years
A18: T0017 | B18: Pooja R | C18: Male | D18: 59 | E18: Central School | F18: Computer Science | G18: Inclusive Education | H18: Assessment | I18: Online | J18: 45364 | K18: 45397 | L18: In Progress | M18: 50 | O18: No | P18: 52 | Q18: West | R18: Tamil Nadu | S18: teacher17@school.edu | T18: 33 | U18: =IF(Teacher_Data[[#This Row],[Completion_Status]]="Completed","Yes","No") -> No | V18: =IF(Teacher_Data[[#This Row],[Completion_Status]]="Completed",1,0) -> 0 | W18: =1 -> 1 | X18: =Teacher_Data[[#This Row],[End_Date]]-Teacher_Data[[#This Row],[Start_Date]] -> 33 | Y18: =_xlfn.IFS(Teacher_Data[[#This Row],[Experience_Years]]<=5,"0-5 Years",Teacher_Data[[#This Row],[Experience_Years]]<=10,"5-10 Years",Teacher_Data[[#This Row],[Experience_Years]]<=20,"11-20 Years",TRUE,"20+ Years") -> 20+ Years
A19: T0018 | B19: Anjali S | C19: Male | D19: 29 | E19: International School | F19: Computer Science | G19: Classroom Management | H19: Assessment | I19: Hybrid | J19: 45390 | K19: 45422 | L19: Not Completed | M19: 21 | O19: No | P19: 17 | Q19: South | R19: Tamil Nadu | S19: teacher18@school.edu | T19: 32 | U19: =IF(Teacher_Data[[#This Row],[Completion_Status]]="Completed","Yes","No") -> No | V19: =IF(Teacher_Data[[#This Row],[Completion_Status]]="Completed",1,0) -> 0 | W19: =1 -> 1 | X19: =Teacher_Data[[#This Row],[End_Date]]-Teacher_Data[[#This Row],[Start_Date]] -> 32 | Y19: =_xlfn.IFS(Teacher_Data[[#This Row],[Experience_Years]]<=5,"0-5 Years",Teacher_Data[[#This Row],[Experience_Years]]<=10,"5-10 Years",Teacher_Data[[#This Row],[Experience_Years]]<=20,"11-20 Years",TRUE,"20+ Years") -> 20+ Years
A20: T0019 | B20: Kiran S | C20: Male | D20: 47 | E20: Govt High School | F20: Science | G20: Inclusive Education | H20: Technology | I20: Offline | J20: 45484 | K20: 45520 | L20: Completed | M20: 41 | N20: 88 | O20: Yes | P20: 16 | Q20: East | R20: Kerala | S20: teacher19@school.edu | T20: 20 | U20: =IF(Teacher_Data[[#This Row],[Completion_Status]]="Completed","Yes","No") -> Yes | V20: =IF(Teacher_Data[[#This Row],[Completion_Status]]="Completed",1,0) -> 1 | W20: =1 -> 1 | X20: =Teacher_Data[[#This Row],[End_Date]]-Teacher_Data[[#This Row],[Start_Date]] -> 36 | Y20: =_xlfn.IFS(Teacher_Data[[#This Row],[Experience_Years]]<=5,"0-5 Years",Teacher_Data[[#This Row],[Experience_Years]]<=10,"5-10 Years",Teacher_Data[[#This Row],[Experience_Years]]<=20,"11-20 Years",TRUE,"20+ Years") -> 11-20 Years
A21: T0020 | B21: Priya R | C21: Female | D21: 30 | E21: International School | F21: Computer Science | G21: Digital Teaching | H21: Assessment | I21: Online | J21: 45518 | K21: 45523 | L21: Not Completed | M21: 5 | O21: No | P21: 22 | Q21: North | R21: Karnataka | S21: teacher20@school.edu | T21: 5 | U21: =IF(Teacher_Data[[#This Row],[Completion_Status]]="Completed","Yes","No") -> No | V21: =IF(Teacher_Data[[#This Row],[Completion_Status]]="Completed",1,0) -> 0 | W21: =1 -> 1 | X21: =Teacher_Data[[#This Row],[End_Date]]-Teacher_Data[[#This Row],[Start_Date]] -> 5 | Y21: =_xlfn.IFS(Teacher_Data[[#This Row],[Experience_Years]]<=5,"0-5 Years",Teacher_Data[[#This Row],[Experience_Years]]<=10,"5-10 Years",Teacher_Data[[#This Row],[Experience_Years]]<=20,"11-20 Years",TRUE,"20+ Years") -> 0-5 Years
A22: T0021 | B22: Amit R | C22: Male | D22: 32 | E22: Central School | F22: English | G22: Assessment Skills | H22: Pedagogy | I22: Offline | J22: 45534 | K22: 45570 | L22: In Progress | M22: 98 | O22: No | P22: 33 | Q22: South | R22: Tamil Nadu | S22: teacher21@school.edu | T22: 33 | U22: =IF(Teacher_Data[[#This Row],[Completion_Status]]="Completed","Yes","No") -> No | V22: =IF(Teacher_Data[[#This Row],[Completion_Status]]="Completed",1,0) -> 0 | W22: =1 -> 1 | X22: =Teacher_Data[[#This Row],[End_Date]]-Teacher_Data[[#This Row],[Start_Date]] -> 36 | Y22: =_xlfn.IFS(Teacher_Data[[#This Row],[Experience_Years]]<=5,"0-5 Years",Teacher_Data[[#This Row],[Experience_Years]]<=10,"5-10 Years",Teacher_Data[[#This Row],[Experience_Years]]<=20,"11-20 Years",TRUE,"20+ Years") -> 20+ Years
A23: T0022 | B23: Neha R | C23: Male | D23: 52 | E23: Central School | F23: Maths | G23: EdTech Tools | H23: Technology | I23: Offline | J23: 45575 | K23: 45597 | L23: In Progress | M23: 93 | O23: No | P23: 38 | Q23: North | R23: Delhi | S23: teacher22@school.edu | T23: 8 | U23: =IF(Teacher_Data[[#This Row],[Completion_Status]]="Completed","Yes","No") -> No | V23: =IF(Teacher_Data[[#This Row],[Completion_Status]]="Completed",1,0) -> 0 | W23: =1 -> 1 | X23: =Teacher_Data[[#This Row],[End_Date]]-Teacher_Data[[#This Row],[Start_Date]] -> 22 | Y23: =_xlfn.IFS(Teacher_Data[[#This Row],[Experience_Years]]<=5,"0-5 Years",Teacher_Data[[#This Row],[Experience_Years]]<=10,"5-10 Years",Teacher_Data[[#This Row],[Experience_Years]]<=20,"11-20 Years",TRUE,"20+ Years") -> 5-10 Years
A24: T0023 | B24: Suresh M | C24: Female | D24: 58 | E24: Public School | F24: Computer Science | G24: Digital Teaching | H24: Technology | I24: Hybrid | J24: 45302 | K24: 45336 | L24: Completed | M24: 77 | N24: 65 | O24: Yes | P24: 48 | Q24: East | R24: Karnataka | S24: teacher23@school.edu | T24: 24 | U24: =IF(Teacher_Data[[#This Row],[Completion_Status]]="Completed","Yes","No") -> Yes | V24: =IF(Teacher_Data[[#This Row],[Completion_Status]]="Completed",1,0) -> 1 | W24: =1 -> 1 | X24: =Teacher_Data[[#This Row],[End_Date]]-Teacher_Data[[#This Row],[Start_Date]] -> 34 | Y24: =_xlfn.IFS(Teacher_Data[[#This Row],[Experience_Years]]<=5,"0-5 Years",Teacher_Data[[#This Row],[Experience_Years]]<=10,"5-10 Years",Teacher_Data[[#This Row],[Experience_Years]]<=20,"11-20 Years",TRUE,"20+ Years") -> 20+ Years
A25: T0024 | B25: Anjali M | C25: Male | D25: 23 | E25: Public School | F25: Social Science | G25: Inclusive Education | H25: Technology | I25: Offline | J25: 45523 | K25: 45535 | L25: In Progress | M25: 92 | O25: No | P25: 22 | Q25: North | R25: Tamil Nadu | S25: teacher24@school.edu | T25: 14 | U25: =IF(Teacher_Data[[#This Row],[Completion_Status]]="Completed","Yes","No") -> No | V25: =IF(Teacher_Data[[#This Row],[Completion_Status]]="Completed",1,0) -> 0 | W25: =1 -> 1 | X25: =Teacher_Data[[#This Row],[End_Date]]-Teacher_Data[[#This Row],[Start_Date]] -> 12 | Y25: =_xlfn.IFS(Teacher_Data[[#This Row],[Experience_Years]]<=5,"0-5 Years",Teacher_Data[[#This Row],[Experience_Years]]<=10,"5-10 Years",Teacher_Data[[#This Row],[Experience_Years]]<=20,"11-20 Years",TRUE,"20+ Years") -> 11-20 Years
A26: T0025 | B26: Suresh S | C26: Male | D26: 32 | E26: Public School | F26: Computer Science | G26: Assessment Skills | H26: Professional Development | I26: Offline | J26: 45548 | K26: 45584 | L26: In Progress | M26: 69 | O26: No | P26: 15 | Q26: West | R26: Tamil Nadu | S26: teacher25@school.edu | T26: 1 | U26: =IF(Teacher_Data[[#This Row],[Completion_Status]]="Completed","Yes","No") -> No | V26: =IF(Teacher_Data[[#This Row],[Completion_Status]]="Completed",1,0) -> 0 | W26: =1 -> 1 | X26: =Teacher_Data[[#This Row],[End_Date]]-Teacher_Data[[#This Row],[Start_Date]] -> 36 | Y26: =_xlfn.IFS(Teacher_Data[[#This Row],[Experience_Years]]<=5,"0-5 Years",Teacher_Data[[#This Row],[Experience_Years]]<=10,"5-10 Years",Teacher_Data[[#This Row],[Experience_Years]]<=20,"11-20 Years",TRUE,"20+ Years") -> 0-5 Years
A27: T0026 | B27: Neha R | C27: Male | D27: 25 | E27: Public School | F27: Social Science | G27: Inclusive Education | H27: Assessment | I27: Hybrid | J27: 45573 | K27: 45632 | L27: Completed | M27: 74 | N27: 75 | O27: Yes | P27: 30 | Q27: South | R27: Tamil Nadu | S27: teacher26@school.edu | T27: 18 | U27: =IF(Teacher_Data[[#This Row],[Completion_Status]]="Completed","Yes","No") -> Yes | V27: =IF(Teacher_Data[[#This Row],[Completion_Status]]="Completed",1,0) -> 1 | W27: =1 -> 1 | X27: =Teacher_Data[[#This Row],[End_Date]]-Teacher_Data[[#This Row],[Start_Date]] -> 59 | Y27: =_xlfn.IFS(Teacher_Data[[#This Row],[Experience_Years]]<=5,"0-5 Years",Teacher_Data[[#This Row],[Experience_Years]]<=10,"5-10 Years",Teacher_Data[[#This Row],[Experience_Years]]<=20,"11-20 Years",TRUE,"20+ Years") -> 11-20 Years
A28: T0027 | B28: Priya S | C28: Male | D28: 29 | E28: Govt High School | F28: English | G28: Classroom Management | H28: Technology | I28: Hybrid | J28: 45474 | K28: 45500 | L28: In Progress | M28: 63 | O28: No | P28: 31 | Q28: North | R28: Delhi | S28: teacher27@school.edu | T28: 16 | U28: =IF(Teacher_Data[[#This Row],[Completion_Status]]="Completed","Yes","No") -> No | V28: =IF(Teacher_Data[[#This Row],[Completion_Status]]="Completed",1,0) -> 0 | W28: =1 -> 1 | X28: =Teacher_Data[[#This Row],[End_Date]]-Teacher_Data[[#This Row],[Start_Date]] -> 26 | Y28: =_xlfn.IFS(Teacher_Data[[#This Row],[Experience_Years]]<=5,"0-5 Years",Teacher_Data[[#This Row],[Experience_Years]]<=10,"5-10 Years",Teacher_Data[[#This Row],[Experience_Years]]<=20,"11-20 Years",TRUE,"20+ Years") -> 11-20 Years
A29: T0028 | B29: Anjali K | C29: Male | D29: 53 | E29: Central School | F29: English | G29: EdTech Tools | H29: Pedagogy | I29: Online | J29: 45366 | K29: 45395 | L29: Completed | M29: 83 | N29: 99 | O29: Yes | P29: 19 | Q29: South | R29: Karnataka | S29: teacher28@school.edu | T29: 18 | U29: =IF(Teacher_Data[[#This Row],[Completion_Status]]="Completed","Yes","No") -> Yes | V29: =IF(Teacher_Data[[#This Row],[Completion_Status]]="Completed",1,0) -> 1 | W29: =1 -> 1 | X29: =Teacher_Data[[#This Row],[End_Date]]-Teacher_Data[[#This Row],[Start_Date]] -> 29 | Y29: =_xlfn.IFS(Teacher_Data[[#This Row],[Experience_Years]]<=5,"0-5 Years",Teacher_Data[[#This Row],[Experience_Years]]<=10,"5-10 Years",Teacher_Data[[#This Row],[Experience_Years]]<=20,"11-20 Years",TRUE,"20+ Years") -> 11-20 Years
A30: T0029 | B30: Anjali S | C30: Female | D30: 42 | E30: Public School | F30: Computer Science | G30: EdTech Tools | H30: Pedagogy | I30: Hybrid | J30: 45410 | K30: 45445 | L30: Not Completed | M30: 9 | O30: No | P30: 14 | Q30: East | R30: Kerala | S30: teacher29@school.edu | T30: 24 | U30: =IF(Teacher_Data[[#This Row],[Completion_Status]]="Completed","Yes","No") -> No | V30: =IF(Teacher_Data[[#This Row],[Completion_Status]]="Completed",1,0) -> 0 | W30: =1 -> 1 | X30: =Teacher_Data[[#This Row],[End_Date]]-Teacher_Data[[#This Row],[Start_Date]] -> 35 | Y30: =_xlfn.IFS(Teacher_Data[[#This Row],[Experience_Years]]<=5,"0-5 Years",Teacher_Data[[#This Row],[Experience_Years]]<=10,"5-10 Years",Teacher_Data[[#This Row],[Experience_Years]]<=20,"11-20 Years",TRUE,"20+ Years") -> 20+ Years
A31: T0030 | B31: Pooja R | C31: Male | D31: 23 | E31: Central School | F31: English | G31: Digital Teaching | H31: Professional Development | I31: Offline | J31: 45389 | K31: 45408 | L31: Completed | M31: 84 | N31: 93 | O31: Yes | P31: 11 | Q31: East | R31: Kerala | S31: teacher30@school.edu | T31: 21 | U31: =IF(Teacher_Data[[#This Row],[Completion_Status]]="Completed","Yes","No") -> Yes | V31: =IF(Teacher_Data[[#This Row],[Completion_Status]]="Completed",1,0) -> 1 | W31: =1 -> 1 | X31: =Teacher_Data[[#This Row],[End_Date]]-Teacher_Data[[#This Row],[Start_Date]] -> 19 | Y31: =_xlfn.IFS(Teacher_Data[[#This Row],[Experience_Years]]<=5,"0-5 Years",Teacher_Data[[#This Row],[Experience_Years]]<=10,"5-10 Years",Teacher_Data[[#This Row],[Experience_Years]]<=20,"11-20 Years",TRUE,"20+ Years") -> 20+ Years
A32: T0031 | B32: Pooja M | C32: Female | D32: 23 | E32: Central School | F32: Social Science | G32: Classroom Management | H32: Pedagogy | I32: Offline | J32: 45412 | K32: 45465 | L32: Not Completed | M32: 26 | O32: No | P32: 33 | Q32: North | R32: Maharashtra | S32: teacher31@school.edu | T32: 28 | U32: =IF(Teacher_Data[[#This Row],[Completion_Status]]="Completed","Yes","No") -> No | V32: =IF(Teacher_Data[[#This Row],[Completion_Status]]="Completed",1,0) -> 0 | W32: =1 -> 1 | X32: =Teacher_Data[[#This Row],[End_Date]]-Teacher_Data[[#This Row],[Start_Date]] -> 53 | Y32: =_xlfn.IFS(Teacher_Data[[#This Row],[Experience_Years]]<=5,"0-5 Years",Teacher_Data[[#This Row],[Experience_Years]]<=10,"5-10 Years",Teacher_Data[[#This Row],[Experience_Years]]<=20,"11-20 Years",TRUE,"20+ Years") -> 20+ Years
A33: T0032 | B33: Suresh R | C33: Male | D33: 45 | E33: International School | F33: Science | G33: Inclusive Education | H33: Assessment | I33: Hybrid | J33: 45343 | K33: 45392 | L33: In Progress | M33: 99 | O33: No | P33: 50 | Q33: West | R33: Kerala | S33: teacher32@school.edu | T33: 14 | U33: =IF(Teacher_Data[[#This Row],[Completion_Status]]="Completed","Yes","No") -> No | V33: =IF(Teacher_Data[[#This Row],[Completion_Status]]="Completed",1,0) -> 0 | W33: =1 -> 1 | X33: =Teacher_Data[[#This Row],[End_Date]]-Teacher_Data[[#This Row],[Start_Date]] -> 49 | Y33: =_xlfn.IFS(Teacher_Data[[#This Row],[Experience_Years]]<=5,"0-5 Years",Teacher_Data[[#This Row],[Experience_Years]]<=10,"5-10 Years",Teacher_Data[[#This Row],[Experience_Years]]<=20,"11-20 Years",TRUE,"20+ Years") -> 11-20 Years
A34: T0033 | B34: Ravi K | C34: Female | D34: 51 | E34: Govt High School | F34: Maths | G34: Inclusive Education | H34: Professional Development | I34: Online | J34: 45564 | K34: 45585 | L34: In Progress | M34: 60 | O34: No | P34: 49 | Q34: West | R34: Kerala | S34: teacher33@school.edu | T34: 26 | U34: =IF(Teacher_Data[[#This Row],[Completion_Status]]="Completed","Yes","No") -> No | V34: =IF(Teacher_Data[[#This Row],[Completion_Status]]="Completed",1,0) -> 0 | W34: =1 -> 1 | X34: =Teacher_Data[[#This Row],[End_Date]]-Teacher_Data[[#This Row],[Start_Date]] -> 21 | Y34: =_xlfn.IFS(Teacher_Data[[#This Row],[Experience_Years]]<=5,"0-5 Years",Teacher_Data[[#This Row],[Experience_Years]]<=10,"5-10 Years",Teacher_Data[[#This Row],[Experience_Years]]<=20,"11-20 Years",TRUE,"20+ Years") -> 20+ Years
A35: T0034 | B35: Ravi M | C35: Male | D35: 27 | E35: Central School | F35: English | G35: Digital Teaching | H35: Assessment | I35: Hybrid | J35: 45476 | K35: 45487 | L35: Completed | M35: 40 | N35: 56 | O35: Yes | P35: 35 | Q35: East | R35: Maharashtra | S35: teacher34@school.edu | T35: 21 | U35: =IF(Teacher_Data[[#This Row],[Completion_Status]]="Completed","Yes","No") -> Yes | V35: =IF(Teacher_Data[[#This Row],[Completion_Status]]="Completed",1,0) -> 1 | W35: =1 -> 1 | X35: =Teacher_Data[[#This Row],[End_Date]]-Teacher_Data[[#This Row],[Start_Date]] -> 11 | Y35: =_xlfn.IFS(Teacher_Data[[#This Row],[Experience_Years]]<=5,"0-5 Years",Teacher_Data[[#This Row],[Experience_Years]]<=10,"5-10 Years",Teacher_Data[[#This Row],[Experience_Years]]<=20,"11-20 Years",TRUE,"20+ Years") -> 20+ Years
A36: T0035 | B36: Kiran S | C36: Female | D36: 51 | E36: International School | F36: English | G36: Classroom Management | H36: Assessment | I36: Offline | J36: 45407 | K36: 45416 | L36: Completed | M36: 68 | N36: 56 | O36: Yes | P36: 40 | Q36: East | R36: Karnataka | S36: teacher35@school.edu | T36: 30 | U36: =IF(Teacher_Data[[#This Row],[Completion_Status]]="Completed","Yes","No") -> Yes | V36: =IF(Teacher_Data[[#This Row],[Completion_Status]]="Completed",1,0) -> 1 | W36: =1 -> 1 | X36: =Teacher_Data[[#This Row],[End_Date]]-Teacher_Data[[#This Row],[Start_Date]] -> 9 | Y36: =_xlfn.IFS(Teacher_Data[[#This Row],[Experience_Years]]<=5,"0-5 Years",Teacher_Data[[#This Row],[Experience_Years]]<=10,"5-10 Years",Teacher_Data[[#This Row],[Experience_Years]]<=20,"11-20 Years",TRUE,"20+ Years") -> 20+ Years
A37: T0036 | B37: Amit R | C37: Male | D37: 43 | E37: International School | F37: Maths | G37: EdTech Tools | H37: Professional Development | I37: Online | J37: 45328 | K37: 45337 | L37: Not Completed | M37: 2 | O37: No | P37: 52 | Q37: West | R37: Tamil Nadu | S37: teacher36@school.edu | T37: 16 | U37: =IF(Teacher_Data[[#This Row],[Completion_Status]]="Completed","Yes","No") -> No | V37: =IF(Teacher_Data[[#This Row],[Completion_Status]]="Completed",1,0) -> 0 | W37: =1 -> 1 | X37: =Teacher_Data[[#This Row],[End_Date]]-Teacher_Data[[#This Row],[Start_Date]] -> 9 | Y37: =_xlfn.IFS(Teacher_Data[[#This Row],[Experience_Years]]<=5,"0-5 Years",Teacher_Data[[#This Row],[Experience_Years]]<=10,"5-10 Years",Teacher_Data[[#This Row],[Experience_Years]]<=20,"11-20 Years",TRUE,"20+ Years") -> 11-20 Years
A38: T0037 | B38: Amit R | C38: Female | D38: 48 | E38: Govt High School | F38: Science | G38: EdTech Tools | H38: Assessment | I38: Online | J38: 45556 | K38: 45572 | L38: Completed | M38: 76 | N38: 97 | O38: Yes | P38: 29 | Q38: West | R38: Kerala | S38: teacher37@school.edu | T38: 8 | U38: =IF(Teacher_Data[[#This Row],[Completion_Status]]="Completed","Yes","No") -> Yes | V38: =IF(Teacher_Data[[#This Row],[Completion_Status]]="Completed",1,0) -> 1 | W38: =1 -> 1 | X38: =Teacher_Data[[#This Row],[End_Date]]-Teacher_Data[[#This Row],[Start_Date]] -> 16 | Y38: =_xlfn.IFS(Teacher_Data[[#This Row],[Experience_Years]]<=5,"0-5 Years",Teacher_Data[[#This Row],[Experience_Years]]<=10,"5-10 Years",Teacher_Data[[#This Row],[Experience_Years]]<=20,"11-20 Years",TRUE,"20+ Years") -> 5-10 Years
A39: T0038 | B39: Rahul S | C39: Male | D39: 23 | E39: Public School | F39: Science | G39: Assessment Skills | H39: Professional Development | I39: Hybrid | J39: 45410 | K39: 45422 | L39: In Progress | M39: 56 | O39: No | P39: 18 | Q39: East | R39: Kerala | S39: teacher38@school.edu | T39: 15 | U39: =IF(Teacher_Data[[#This Row],[Completion_Status]]="Completed","Yes","No") -> No | V39: =IF(Teacher_Data[[#This Row],[Completion_Status]]="Completed",1,0) -> 0 | W39: =1 -> 1 | X39: =Teacher_Data[[#This Row],[End_Date]]-Teacher_Data[[#This Row],[Start_Date]] -> 12 | Y39: =_xlfn.IFS(Teacher_Data[[#This Row],[Experience_Years]]<=5,"0-5 Years",Teacher_Data[[#This Row],[Experience_Years]]<=10,"5-10 Years",Teacher_Data[[#This Row],[Experience_Years]]<=20,"11-20 Years",TRUE,"20+ Years") -> 11-20 Years
A40: T0039 | B40: Ravi R | C40: Male | D40: 60 | E40: International School | F40: Computer Science | G40: Classroom Management | H40: Assessment | I40: Hybrid | J40: 45458 | K40: 45476 | L40: In Progress | M40: 79 | O40: No | P40: 12 | Q40: South | R40: Tamil Nadu | S40: teacher39@school.edu | T40: 18 | U40: =IF(Teacher_Data[[#This Row],[Completion_Status]]="Completed","Yes","No") -> No | V40: =IF(Teacher_Data[[#This Row],[Completion_Status]]="Completed",1,0) -> 0 | W40: =1 -> 1 | X40: =Teacher_Data[[#This Row],[End_Date]]-Teacher_Data[[#This Row],[Start_Date]] -> 18 | Y40: =_xlfn.IFS(Teacher_Data[[#This Row],[Experience_Years]]<=5,"0-5 Years",Teacher_Data[[#This Row],[Experience_Years]]<=10,"5-10 Years",Teacher_Data[[#This Row],[Experience_Years]]<=20,"11-20 Years",TRUE,"20+ Years") -> 11-20 Years
A41: T0040 | B41: Suresh S | C41: Female | D41: 40 | E41: Central School | F41: Social Science | G41: Inclusive Education | H41: Assessment | I41: Hybrid | J41: 45585 | K41: 45604 | L41: Completed | M41: 66 | N41: 70 | O41: Yes | P41: 30 | Q41: North | R41: Maharashtra | S41: teacher40@school.edu | T41: 23 | U41: =IF(Teacher_Data[[#This Row],[Completion_Status]]="Completed","Yes","No") -> Yes | V41: =IF(Teacher_Data[[#This Row],[Completion_Status]]="Completed",1,0) -> 1 | W41: =1 -> 1 | X41: =Teacher_Data[[#This Row],[End_Date]]-Teacher_Data[[#This Row],[Start_Date]] -> 19 | Y41: =_xlfn.IFS(Teacher_Data[[#This Row],[Experience_Years]]<=5,"0-5 Years",Teacher_Data[[#This Row],[Experience_Years]]<=10,"5-10 Years",Teacher_Data[[#This Row],[Experience_Years]]<=20,"11-20 Years",TRUE,"20+ Years") -> 20+ Years
A42: T0041 | B42: Anjali M | C42: Male | D42: 28 | E42: Central School | F42: Social Science | G42: EdTech Tools | H42: Pedagogy | I42: Online | J42: 45292 | K42: 45322 | L42: In Progress | M42: 48 | O42: No | P42: 34 | Q42: West | R42: Delhi | S42: teacher41@school.edu | T42: 8 | U42: =IF(Teacher_Data[[#This Row],[Completion_Status]]="Completed","Yes","No") -> No | V42: =IF(Teacher_Data[[#This Row],[Completion_Status]]="Completed",1,0) -> 0 | W42: =1 -> 1 | X42: =Teacher_Data[[#This Row],[End_Date]]-Teacher_Data[[#This Row],[Start_Date]] -> 30 | Y42: =_xlfn.IFS(Teacher_Data[[#This Row],[Experience_Years]]<=5,"0-5 Years",Teacher_Data[[#This Row],[Experience_Years]]<=10,"5-10 Years",Teacher_Data[[#This Row],[Experience_Years]]<=20,"11-20 Years",TRUE,"20+ Years") -> 5-10 Years
A43: T0042 | B43: Kiran M | C43: Female | D43: 46 | E43: International School | F43: Science | G43: Inclusive Education | H43: Professional Development | I43: Online | J43: 45585 | K43: 45628 | L43: In Progress | M43: 73 | O43: No | P43: 52 | Q43: East | R43: Karnataka | S43: teacher42@school.edu | T43: 11 | U43: =IF(Teacher_Data[[#This Row],[Completion_Status]]="Completed","Yes","No") -> No | V43: =IF(Teacher_Data[[#This Row],[Completion_Status]]="Completed",1,0) -> 0 | W43: =1 -> 1 | X43: =Teacher_Data[[#This Row],[End_Date]]-Teacher_Data[[#This Row],[Start_Date]] -> 43 | Y43: =_xlfn.IFS(Teacher_Data[[#This Row],[Experience_Years]]<=5,"0-5 Years",Teacher_Data[[#This Row],[Experience_Years]]<=10,"5-10 Years",Teacher_Data[[#This Row],[Experience_Years]]<=20,"11-20 Years",TRUE,"20+ Years") -> 11-20 Years
A44: T0043 | B44: Priya M | C44: Female | D44: 58 | E44: Public School | F44: English | G44: Inclusive Education | H44: Technology | I44: Online | J44: 45571 | K44: 45611 | L44: Not Completed | M44: 33 | O44: No | P44: 21 | Q44: South | R44: Kerala | S44: teacher43@school.edu | T44: 28 | U44: =IF(Teacher_Data[[#This Row],[Completion_Status]]="Completed","Yes","No") -> No | V44: =IF(Teacher_Data[[#This Row],[Completion_Status]]="Completed",1,0) -> 0 | W44: =1 -> 1 | X44: =Teacher_Data[[#This Row],[End_Date]]-Teacher_Data[[#This Row],[Start_Date]] -> 40 | Y44: =_xlfn.IFS(Teacher_Data[[#This Row],[Experience_Years]]<=5,"0-5 Years",Teacher_Data[[#This Row],[Experience_Years]]<=10,"5-10 Years",Teacher_Data[[#This Row],[Experience_Years]]<=20,"11-20 Years",TRUE,"20+ Years") -> 20+ Years
A45: T0044 | B45: Priya S | C45: Male | D45: 46 | E45: International School | F45: Science | G45: Classroom Management | H45: Technology | I45: Offline | J45: 45394 | K45: 45436 | L45: Not Completed | M45: 18 | O45: No | P45: 15 | Q45: East | R45: Kerala | S45: teacher44@school.edu | T45: 31 | U45: =IF(Teacher_Data[[#This Row],[Completion_Status]]="Completed","Yes","No") -> No | V45: =IF(Teacher_Data[[#This Row],[Completion_Status]]="Completed",1,0) -> 0 | W45: =1 -> 1 | X45: =Teacher_Data[[#This Row],[End_Date]]-Teacher_Data[[#This Row],[Start_Date]] -> 42 | Y45: =_xlfn.IFS(Teacher_Data[[#This Row],[Experience_Years]]<=5,"0-5 Years",Teacher_Data[[#This Row],[Experience_Years]]<=10,"5-10 Years",Teacher_Data[[#This Row],[Experience_Years]]<=20,"11-20 Years",TRUE,"20+ Years") -> 20+ Years
A46: T0045 | B46: Rahul S | C46: Male | D46: 23 | E46: Central School | F46: Computer Science | G46: EdTech Tools | H46: Professional Development | I46: Online | J46: 45319 | K46: 45349 | L46: Not Completed | M46: 40 | O46: No | P46: 7 | Q46: East | R46: Kerala | S46: teacher45@school.edu | T46: 13 | U46: =IF(Teacher_Data[[#This Row],[Completion_Status]]="Completed","Yes","No") -> No | V46: =IF(Teacher_Data[[#This Row],[Completion_Status]]="Completed",1,0) -> 0 | W46: =1 -> 1 | X46: =Teacher_Data[[#This Row],[End_Date]]-Teacher_Data[[#This Row],[Start_Date]] -> 30 | Y46: =_xlfn.IFS(Teacher_Data[[#This Row],[Experience_Years]]<=5,"0-5 Years",Teacher_Data[[#This Row],[Experience_Years]]<=10,"5-10 Years",Teacher_Data[[#This Row],[Experience_Years]]<=20,"11-20 Years",TRUE,"20+ Years") -> 11-20 Years
A47: T0046 | B47: Sneha M | C47: Male | D47: 44 | E47: Govt High School | F47: Social Science | G47: EdTech Tools | H47: Technology | I47: Offline | J47: 45591 | K47: 45614 | L47: In Progress | M47: 77 | O47: No | P47: 41 | Q47: West | R47: Maharashtra | S47: teacher46@school.edu | T47: 26 | U47: =IF(Teacher_Data[[#This Row],[Completion_Status]]="Completed","Yes","No") -> No | V47: =IF(Teacher_Data[[#This Row],[Completion_Status]]="Completed",1,0) -> 0 | W47: =1 -> 1 | X47: =Teacher_Data[[#This Row],[End_Date]]-Teacher_Data[[#This Row],[Start_Date]] -> 23 | Y47: =_xlfn.IFS(Teacher_Data[[#This Row],[Experience_Years]]<=5,"0-5 Years",Teacher_Data[[#This Row],[Experience_Years]]<=10,"5-10 Years",Teacher_Data[[#This Row],[Experience_Years]]<=20,"11-20 Years",TRUE,"20+ Years") -> 20+ Years
A48: T0047 | B48: Sneha S | C48: Female | D48: 34 | E48: Central School | F48: English | G48: EdTech Tools | H48: Technology | I48: Online | J48: 45423 | K48: 45458 | L48: Not Completed | M48: 21 | O48: No | P48: 18 | Q48: South | R48: Maharashtra | S48: teacher47@school.edu | T48: 34 | U48: =IF(Teacher_Data[[#This Row],[Completion_Status]]="Completed","Yes","No") -> No | V48: =IF(Teacher_Data[[#This Row],[Completion_Status]]="Completed",1,0) -> 0 | W48: =1 -> 1 | X48: =Teacher_Data[[#This Row],[End_Date]]-Teacher_Data[[#This Row],[Start_Date]] -> 35 | Y48: =_xlfn.IFS(Teacher_Data[[#This Row],[Experience_Years]]<=5,"0-5 Years",Teacher_Data[[#This Row],[Experience_Years]]<=10,"5-10 Years",Teacher_Data[[#This Row],[Experience_Years]]<=20,"11-20 Years",TRUE,"20+ Years") -> 20+ Years
A49: T0048 | B49: Kiran K | C49: Female | D49: 32 | E49: Public School | F49: Maths | G49: Digital Teaching | H49: Professional Development | I49: Offline | J49: 45453 | K49: 45479 | L49: In Progress | M49: 91 | O49: No | P49: 23 | Q49: South | R49: Karnataka | S49: teacher48@school.edu | T49: 20 | U49: =IF(Teacher_Data[[#This Row],[Completion_Status]]="Completed","Yes","No") -> No | V49: =IF(Teacher_Data[[#This Row],[Completion_Status]]="Completed",1,0) -> 0 | W49: =1 -> 1 | X49: =Teacher_Data[[#This Row],[End_Date]]-Teacher_Data[[#This Row],[Start_Date]] -> 26 | Y49: =_xlfn.IFS(Teacher_Data[[#This Row],[Experience_Years]]<=5,"0-5 Years",Teacher_Data[[#This Row],[Experience_Years]]<=10,"5-10 Years",Teacher_Data[[#This Row],[Experience_Years]]<=20,"11-20 Years",TRUE,"20+ Years") -> 11-20 Years
A50: T0049 | B50: Pooja S | C50: Male | D50: 22 | E50: International School | F50: Social Science | G50: EdTech Tools | H50: Assessment | I50: Online | J50: 45299 | K50: 45305 | L50: Not Completed | M50: 26 | O50: No | P50: 19 | Q50: South | R50: Tamil Nadu | S50: teacher49@school.edu | T50: 2 | U50: =IF(Teacher_Data[[#This Row],[Completion_Status]]="Completed","Yes","No") -> No | V50: =IF(Teacher_Data[[#This Row],[Completion_Status]]="Completed",1,0) -> 0 | W50: =1 -> 1 | X50: =Teacher_Data[[#This Row],[End_Date]]-Teacher_Data[[#This Row],[Start_Date]] -> 6 | Y50: =_xlfn.IFS(Teacher_Data[[#This Row],[Experience_Years]]<=5,"0-5 Years",Teacher_Data[[#This Row],[Experience_Years]]<=10,"5-10 Years",Teacher_Data[[#This Row],[Experience_Years]]<=20,"11-20 Years",TRUE,"20+ Years") -> 0-5 Years
A51: T0050 | B51: Rahul K | C51: Male | D51: 49 | E51: Govt High School | F51: Computer Science | G51: Classroom Management | H51: Pedagogy | I51: Offline | J51: 45485 | K51: 45536 | L51: Completed | M51: 99 | N51: 83 | O51: Yes | P51: 52 | Q51: East | R51: Delhi | S51: teacher50@school.edu | T51: 4 | U51: =IF(Teacher_Data[[#This Row],[Completion_Status]]="Completed","Yes","No") -> Yes | V51: =IF(Teacher_Data[[#This Row],[Completion_Status]]="Completed",1,0) -> 1 | W51: =1 -> 1 | X51: =Teacher_Data[[#This Row],[End_Date]]-Teacher_Data[[#This Row],[Start_Date]] -> 51 | Y51: =_xlfn.IFS(Teacher_Data[[#This Row],[Experience_Years]]<=5,"0-5 Years",Teacher_Data[[#This Row],[Experience_Years]]<=10,"5-10 Years",Teacher_Data[[#This Row],[Experience_Years]]<=20,"11-20 Years",TRUE,"20+ Years") -> 0-5 Years
A52: T0051 | B52: Amit S | C52: Male | D52: 59 | E52: International School | F52: Maths | G52: Inclusive Education | H52: Technology | I52: Offline | J52: 45545 | K52: 45568 | L52: Completed | M52: 57 | N52: 85 | O52: Yes | P52: 42 | Q52: East | R52: Delhi | S52: teacher51@school.edu | T52: 20 | U52: =IF(Teacher_Data[[#This Row],[Completion_Status]]="Completed","Yes","No") -> Yes | V52: =IF(Teacher_Data[[#This Row],[Completion_Status]]="Completed",1,0) -> 1 | W52: =1 -> 1 | X52: =Teacher_Data[[#This Row],[End_Date]]-Teacher_Data[[#This Row],[Start_Date]] -> 23 | Y52: =_xlfn.IFS(Teacher_Data[[#This Row],[Experience_Years]]<=5,"0-5 Years",Teacher_Data[[#This Row],[Experience_Years]]<=10,"5-10 Years",Teacher_Data[[#This Row],[Experience_Years]]<=20,"11-20 Years",TRUE,"20+ Years") -> 11-20 Years
A53: T0052 | B53: Sneha R | C53: Female | D53: 43 | E53: Central School | F53: Social Science | G53: Inclusive Education | H53: Technology | I53: Offline | J53: 45371 | K53: 45377 | L53: In Progress | M53: 47 | O53: No | P53: 10 | Q53: North | R53: Maharashtra | S53: teacher52@school.edu | T53: 9 | U53: =IF(Teacher_Data[[#This Row],[Completion_Status]]="Completed","Yes","No") -> No | V53: =IF(Teacher_Data[[#This Row],[Completion_Status]]="Completed",1,0) -> 0 | W53: =1 -> 1 | X53: =Teacher_Data[[#This Row],[End_Date]]-Teacher_Data[[#This Row],[Start_Date]] -> 6 | Y53: =_xlfn.IFS(Teacher_Data[[#This Row],[Experience_Years]]<=5,"0-5 Years",Teacher_Data[[#This Row],[Experience_Years]]<=10,"5-10 Years",Teacher_Data[[#This Row],[Experience_Years]]<=20,"11-20 Years",TRUE,"20+ Years") -> 5-10 Years
A54: T0053 | B54: Suresh K | C54: Male | D54: 56 | E54: Govt High School | F54: Social Science | G54: EdTech Tools | H54: Professional Development | I54: Hybrid | J54: 45401 | K54: 45420 | L54: In Progress | M54: 66 | O54: No | P54: 20 | Q54: West | R54: Kerala | S54: teacher53@school.edu | T54: 24 | U54: =IF(Teacher_Data[[#This Row],[Completion_Status]]="Completed","Yes","No") -> No | V54: =IF(Teacher_Data[[#This Row],[Completion_Status]]="Completed",1,0) -> 0 | W54: =1 -> 1 | X54: =Teacher_Data[[#This Row],[End_Date]]-Teacher_Data[[#This Row],[Start_Date]] -> 19 | Y54: =_xlfn.IFS(Teacher_Data[[#This Row],[Experience_Years]]<=5,"0-5 Years",Teacher_Data[[#This Row],[Experience_Years]]<=10,"5-10 Years",Teacher_Data[[#This Row],[Experience_Years]]<=20,"11-20 Years",TRUE,"20+ Years") -> 20+ Years
A55: T0054 | B55: Ravi S | C55: Female | D55: 43 | E55: International School | F55: Computer Science | G55: EdTech Tools | H55: Professional Development | I55: Offline | J55: 45490 | K55: 45520 | L55: Not Completed | M55: 36 | O55: No | P55: 11 | Q55: East | R55: Karnataka | S55: teacher54@school.edu | T55: 31 | U55: =IF(Teacher_Data[[#This Row],[Completion_Status]]="Completed","Yes","No") -> No | V55: =IF(Teacher_Data[[#This Row],[Completion_Status]]="Completed",1,0) -> 0 | W55: =1 -> 1 | X55: =Teacher_Data[[#This Row],[End_Date]]-Teacher_Data[[#This Row],[Start_Date]] -> 30 | Y55: =_xlfn.IFS(Teacher_Data[[#This Row],[Experience_Years]]<=5,"0-5 Years",Teacher_Data[[#This Row],[Experience_Years]]<=10,"5-10 Years",Teacher_Data[[#This Row],[Experience_Years]]<=20,"11-20 Years",TRUE,"20+ Years") -> 20+ Years
A56: T0055 | B56: Suresh K | C56: Female | D56: 24 | E56: Public School | F56: Science | G56: Classroom Management | H56: Professional Development | I56: Offline | J56: 45511 | K56: 45568 | L56: Completed | M56: 97 | N56: 71 | O56: Yes | P56: 59 | Q56: North | R56: Maharashtra | S56: teacher55@school.edu | T56: 22 | U56: =IF(Teacher_Data[[#This Row],[Completion_Status]]="Completed","Yes","No") -> Yes | V56: =IF(Teacher_Data[[#This Row],[Completion_Status]]="Completed",1,0) -> 1 | W56: =1 -> 1 | X56: =Teacher_Data[[#This Row],[End_Date]]-Teacher_Data[[#This Row],[Start_Date]] -> 57 | Y56: =_xlfn.IFS(Teacher_Data[[#This Row],[Experience_Years]]<=5,"0-5 Years",Teacher_Data[[#This Row],[Experience_Years]]<=10,"5-10 Years",Teacher_Data[[#This Row],[Experience_Years]]<=20,"11-20 Years",TRUE,"20+ Years") -> 20+ Years
A57: T0056 | B57: Anjali K | C57: Male | D57: 55 | E57: Public School | F57: Computer Science | G57: Classroom Management | H57: Assessment | I57: Offline | J57: 45494 | K57: 45516 | L57: Not Completed | M57: 38 | O57: No | P57: 42 | Q57: South | R57: Maharashtra | S57: teacher56@school.edu | T57: 10 | U57: =IF(Teacher_Data[[#This Row],[Completion_Status]]="Completed","Yes","No") -> No | V57: =IF(Teacher_Data[[#This Row],[Completion_Status]]="Completed",1,0) -> 0 | W57: =1 -> 1 | X57: =Teacher_Data[[#This Row],[End_Date]]-Teacher_Data[[#This Row],[Start_Date]] -> 22 | Y57: =_xlfn.IFS(Teacher_Data[[#This Row],[Experience_Years]]<=5,"0-5 Years",Teacher_Data[[#This Row],[Experience_Years]]<=10,"5-10 Years",Teacher_Data[[#This Row],[Experience_Years]]<=20,"11-20 Years",TRUE,"20+ Years") -> 5-10 Years
A58: T0057 | B58: Pooja M | C58: Female | D58: 57 | E58: International School | F58: English | G58: EdTech Tools | H58: Professional Development | I58: Online | J58: 45413 | K58: 45423 | L58: Not Completed | M58: 31 | O58: No | P58: 52 | Q58: North | R58: Kerala | S58: teacher57@school.edu | T58: 6 | U58: =IF(Teacher_Data[[#This Row],[Completion_Status]]="Completed","Yes","No") -> No | V58: =IF(Teacher_Data[[#This Row],[Completion_Status]]="Completed",1,0) -> 0 | W58: =1 -> 1 | X58: =Teacher_Data[[#This Row],[End_Date]]-Teacher_Data[[#This Row],[Start_Date]] -> 10 | Y58: =_xlfn.IFS(Teacher_Data[[#This Row],[Experience_Years]]<=5,"0-5 Years",Teacher_Data[[#This Row],[Experience_Years]]<=10,"5-10 Years",Teacher_Data[[#This Row],[Experience_Years]]<=20,"11-20 Years",TRUE,"20+ Years") -> 5-10 Years
A59: T0058 | B59: Amit S | C59: Male | D59: 58 | E59: Govt High School | F59: Science | G59: Assessment Skills | H59: Assessment | I59: Online | J59: 45577 | K59: 45586 | L59: In Progress | M59: 40 | O59: No | P59: 38 | Q59: East | R59: Delhi | S59: teacher58@school.edu | T59: 34 | U59: =IF(Teacher_Data[[#This Row],[Completion_Status]]="Completed","Yes","No") -> No | V59: =IF(Teacher_Data[[#This Row],[Completion_Status]]="Completed",1,0) -> 0 | W59: =1 -> 1 | X59: =Teacher_Data[[#This Row],[End_Date]]-Teacher_Data[[#This Row],[Start_Date]] -> 9 | Y59: =_xlfn.IFS(Teacher_Data[[#This Row],[Experience_Years]]<=5,"0-5 Years",Teacher_Data[[#This Row],[Experience_Years]]<=10,"5-10 Years",Teacher_Data[[#This Row],[Experience_Years]]<=20,"11-20 Years",TRUE,"20+ Years") -> 20+ Years
A60: T0059 | B60: Rahul M | C60: Male | D60: 29 | E60: International School | F60: Science | G60: Digital Teaching | H60: Assessment | I60: Offline | J60: 45588 | K60: 45639 | L60: In Progress | M60: 72 | O60: No | P60: 59 | Q60: South | R60: Tamil Nadu | S60: teacher59@school.edu | T60: 5 | U60: =IF(Teacher_Data[[#This Row],[Completion_Status]]="Completed","Yes","No") -> No | V60: =IF(Teacher_Data[[#This Row],[Completion_Status]]="Completed",1,0) -> 0 | W60: =1 -> 1 | X60: =Teacher_Data[[#This Row],[End_Date]]-Teacher_Data[[#This Row],[Start_Date]] -> 51 | Y60: =_xlfn.IFS(Teacher_Data[[#This Row],[Experience_Years]]<=5,"0-5 Years",Teacher_Data[[#This Row],[Experience_Years]]<=10,"5-10 Years",Teacher_Data[[#This Row],[Experience_Years]]<=20,"11-20 Years",TRUE,"20+ Years") -> 0-5 Years
A61: T0060 | B61: Anjali M | C61: Female | D61: 30 | E61: Govt High School | F61: Computer Science | G61: Digital Teaching | H61: Assessment | I61: Online | J61: 45334 | K61: 45368 | L61: In Progress | M61: 96 | O61: No | P61: 21 | Q61: West | R61: Kerala | S61: teacher60@school.edu | T61: 3 | U61: =IF(Teacher_Data[[#This Row],[Completion_Status]]="Completed","Yes","No") -> No | V61: =IF(Teacher_Data[[#This Row],[Completion_Status]]="Completed",1,0) -> 0 | W61: =1 -> 1 | X61: =Teacher_Data[[#This Row],[End_Date]]-Teacher_Data[[#This Row],[Start_Date]] -> 34 | Y61: =_xlfn.IFS(Teacher_Data[[#This Row],[Experience_Years]]<=5,"0-5 Years",Teacher_Data[[#This Row],[Experience_Years]]<=10,"5-10 Years",Teacher_Data[[#This Row],[Experience_Years]]<=20,"11-20 Years",TRUE,"20+ Years") -> 0-5 Years
A62: T0061 | B62: Sneha K | C62: Male | D62: 56 | E62: Govt High School | F62: Computer Science | G62: EdTech Tools | H62: Professional Development | I62: Online | J62: 45549 | K62: 45596 | L62: Completed | M62: 62 | N62: 83 | O62: Yes | P62: 23 | Q62: North | R62: Maharashtra | S62: teacher61@school.edu | T62: 26 | U62: =IF(Teacher_Data[[#This Row],[Completion_Status]]="Completed","Yes","No") -> Yes | V62: =IF(Teacher_Data[[#This Row],[Completion_Status]]="Completed",1,0) -> 1 | W62: =1 -> 1 | X62: =Teacher_Data[[#This Row],[End_Date]]-Teacher_Data[[#This Row],[Start_Date]] -> 47 | Y62: =_xlfn.IFS(Teacher_Data[[#This Row],[Experience_Years]]<=5,"0-5 Years",Teacher_Data[[#This Row],[Experience_Years]]<=10,"5-10 Years",Teacher_Data[[#This Row],[Experience_Years]]<=20,"11-20 Years",TRUE,"20+ Years") -> 20+ Years
A63: T0062 | B63: Amit M | C63: Female | D63: 42 | E63: Public School | F63: Social Science | G63: Classroom Management | H63: Assessment | I63: Hybrid | J63: 45494 | K63: 45547 | L63: In Progress | M63: 60 | O63: No | P63: 12 | Q63: South | R63: Kerala | S63: teacher62@school.edu | T63: 10 | U63: =IF(Teacher_Data[[#This Row],[Completion_Status]]="Completed","Yes","No") -> No | V63: =IF(Teacher_Data[[#This Row],[Completion_Status]]="Completed",1,0) -> 0 | W63: =1 -> 1 | X63: =Teacher_Data[[#This Row],[End_Date]]-Teacher_Data[[#This Row],[Start_Date]] -> 53 | Y63: =_xlfn.IFS(Teacher_Data[[#This Row],[Experience_Years]]<=5,"0-5 Years",Teacher_Data[[#This Row],[Experience_Years]]<=10,"5-10 Years",Teacher_Data[[#This Row],[Experience_Years]]<=20,"11-20 Years",TRUE,"20+ Years") -> 5-10 Years
A64: T0063 | B64: Rahul M | C64: Male | D64: 33 | E64: International School | F64: Computer Science | G64: Digital Teaching | H64: Pedagogy | I64: Hybrid | J64: 45328 | K64: 45382 | L64: Not Completed | M64: 36 | O64: No | P64: 31 | Q64: West | R64: Maharashtra | S64: teacher63@school.edu | T64: 31 | U64: =IF(Teacher_Data[[#This Row],[Completion_Status]]="Completed","Yes","No") -> No | V64: =IF(Teacher_Data[[#This Row],[Completion_Status]]="Completed",1,0) -> 0 | W64: =1 -> 1 | X64: =Teacher_Data[[#This Row],[End_Date]]-Teacher_Data[[#This Row],[Start_Date]] -> 54 | Y64: =_xlfn.IFS(Teacher_Data[[#This Row],[Experience_Years]]<=5,"0-5 Years",Teacher_Data[[#This Row],[Experience_Years]]<=10,"5-10 Years",Teacher_Data[[#This Row],[Experience_Years]]<=20,"11-20 Years",TRUE,"20+ Years") -> 20+ Years
A65: T0064 | B65: Amit M | C65: Female | D65: 50 | E65: Public School | F65: English | G65: Assessment Skills | H65: Professional Development | I65: Offline | J65: 45413 | K65: 45446 | L65: Not Completed | M65: 20 | O65: No | P65: 54 | Q65: East | R65: Tamil Nadu | S65: teacher64@school.edu | T65: 15 | U65: =IF(Teacher_Data[[#This Row],[Completion_Status]]="Completed","Yes","No") -> No | V65: =IF(Teacher_Data[[#This Row],[Completion_Status]]="Completed",1,0) -> 0 | W65: =1 -> 1 | X65: =Teacher_Data[[#This Row],[End_Date]]-Teacher_Data[[#This Row],[Start_Date]] -> 33 | Y65: =_xlfn.IFS(Teacher_Data[[#This Row],[Experience_Years]]<=5,"0-5 Years",Teacher_Data[[#This Row],[Experience_Years]]<=10,"5-10 Years",Teacher_Data[[#This Row],[Experience_Years]]<=20,"11-20 Years",TRUE,"20+ Years") -> 11-20 Years
A66: T0065 | B66: Suresh M | C66: Male | D66: 23 | E66: Central School | F66: Computer Science | G66: Classroom Management | H66: Professional Development | I66: Offline | J66: 45410 | K66: 45463 | L66: In Progress | M66: 96 | O66: No | P66: 52 | Q66: North | R66: Delhi | S66: teacher65@school.edu | T66: 1 | U66: =IF(Teacher_Data[[#This Row],[Completion_Status]]="Completed","Yes","No") -> No | V66: =IF(Teacher_Data[[#This Row],[Completion_Status]]="Completed",1,0) -> 0 | W66: =1 -> 1 | X66: =Teacher_Data[[#This Row],[End_Date]]-Teacher_Data[[#This Row],[Start_Date]] -> 53 | Y66: =_xlfn.IFS(Teacher_Data[[#This Row],[Experience_Years]]<=5,"0-5 Years",Teacher_Data[[#This Row],[Experience_Years]]<=10,"5-10 Years",Teacher_Data[[#This Row],[Experience_Years]]<=20,"11-20 Years",TRUE,"20+ Years") -> 0-5 Years
A67: T0066 | B67: Anjali M | C67: Female | D67: 26 | E67: Public School | F67: Maths | G67: Assessment Skills | H67: Assessment | I67: Hybrid | J67: 45395 | K67: 45427 | L67: Not Completed | M67: 40 | O67: No | P67: 6 | Q67: North | R67: Maharashtra | S67: teacher66@school.edu | T67: 2 | U67: =IF(Teacher_Data[[#This Row],[Completion_Status]]="Completed","Yes","No") -> No | V67: =IF(Teacher_Data[[#This Row],[Completion_Status]]="Completed",1,0) -> 0 | W67: =1 -> 1 | X67: =Teacher_Data[[#This Row],[End_Date]]-Teacher_Data[[#This Row],[Start_Date]] -> 32 | Y67: =_xlfn.IFS(Teacher_Data[[#This Row],[Experience_Years]]<=5,"0-5 Years",Teacher_Data[[#This Row],[Experience_Years]]<=10,"5-10 Years",Teacher_Data[[#This Row],[Experience_Years]]<=20,"11-20 Years",TRUE,"20+ Years") -> 0-5 Years
A68: T0067 | B68: Neha K | C68: Male | D68: 56 | E68: Govt High School | F68: Social Science | G68: Inclusive Education | H68: Professional Development | I68: Hybrid | J68: 45465 | K68: 45508 | L68: Not Completed | M68: 2 | O68: No | P68: 52 | Q68: West | R68: Tamil Nadu | S68: teacher67@school.edu | T68: 22 | U68: =IF(Teacher_Data[[#This Row],[Completion_Status]]="Completed","Yes","No") -> No | V68: =IF(Teacher_Data[[#This Row],[Completion_Status]]="Completed",1,0) -> 0 | W68: =1 -> 1 | X68: =Teacher_Data[[#This Row],[End_Date]]-Teacher_Data[[#This Row],[Start_Date]] -> 43 | Y68: =_xlfn.IFS(Teacher_Data[[#This Row],[Experience_Years]]<=5,"0-5 Years",Teacher_Data[[#This Row],[Experience_Years]]<=10,"5-10 Years",Teacher_Data[[#This Row],[Experience_Years]]<=20,"11-20 Years",TRUE,"20+ Years") -> 20+ Years
A69: T0068 | B69: Priya R | C69: Male | D69: 54 | E69: Public School | F69: Social Science | G69: Digital Teaching | H69: Technology | I69: Online | J69: 45365 | K69: 45370 | L69: In Progress | M69: 45 | O69: No | P69: 54 | Q69: East | R69: Karnataka | S69: teacher68@school.edu | T69: 7 | U69: =IF(Teacher_Data[[#This Row],[Completion_Status]]="Completed","Yes","No") -> No | V69: =IF(Teacher_Data[[#This Row],[Completion_Status]]="Completed",1,0) -> 0 | W69: =1 -> 1 | X69: =Teacher_Data[[#This Row],[End_Date]]-Teacher_Data[[#This Row],[Start_Date]] -> 5 | Y69: =_xlfn.IFS(Teacher_Data[[#This Row],[Experience_Years]]<=5,"0-5 Years",Teacher_Data[[#This Row],[Experience_Years]]<=10,"5-10 Years",Teacher_Data[[#This Row],[Experience_Years]]<=20,"11-20 Years",TRUE,"20+ Years") -> 5-10 Years
A70: T0069 | B70: Anjali R | C70: Male | D70: 48 | E70: Central School | F70: Computer Science | G70: Assessment Skills | H70: Technology | I70: Hybrid | J70: 45444 | K70: 45470 | L70: In Progress | M70: 64 | O70: No | P70: 47 | Q70: East | R70: Karnataka | S70: teacher69@school.edu | T70: 33 | U70: =IF(Teacher_Data[[#This Row],[Completion_Status]]="Completed","Yes","No") -> No | V70: =IF(Teacher_Data[[#This Row],[Completion_Status]]="Completed",1,0) -> 0 | W70: =1 -> 1 | X70: =Teacher_Data[[#This Row],[End_Date]]-Teacher_Data[[#This Row],[Start_Date]] -> 26 | Y70: =_xlfn.IFS(Teacher_Data[[#This Row],[Experience_Years]]<=5,"0-5 Years",Teacher_Data[[#This Row],[Experience_Years]]<=10,"5-10 Years",Teacher_Data[[#This Row],[Experience_Years]]<=20,"11-20 Years",TRUE,"20+ Years") -> 20+ Years
A71: T0070 | B71: Ravi S | C71: Female | D71: 22 | E71: Public School | F71: English | G71: Inclusive Education | H71: Pedagogy | I71: Offline | J71: 45329 | K71: 45335 | L71: Completed | M71: 89 | N71: 66 | O71: Yes | P71: 20 | Q71: South | R71: Tamil Nadu | S71: teacher70@school.edu | T71: 22 | U71: =IF(Teacher_Data[[#This Row],[Completion_Status]]="Completed","Yes","No") -> Yes | V71: =IF(Teacher_Data[[#This Row],[Completion_Status]]="Completed",1,0) -> 1 | W71: =1 -> 1 | X71: =Teacher_Data[[#This Row],[End_Date]]-Teacher_Data[[#This Row],[Start_Date]] -> 6 | Y71: =_xlfn.IFS(Teacher_Data[[#This Row],[Experience_Years]]<=5,"0-5 Years",Teacher_Data[[#This Row],[Experience_Years]]<=10,"5-10 Years",Teacher_Data[[#This Row],[Experience_Years]]<=20,"11-20 Years",TRUE,"20+ Years") -> 20+ Years
A72: T0071 | B72: Amit S | C72: Male | D72: 41 | E72: International School | F72: Computer Science | G72: EdTech Tools | H72: Assessment | I72: Offline | J72: 45409 | K72: 45440 | L72: In Progress | M72: 50 | O72: No | P72: 28 | Q72: East | R72: Delhi | S72: teacher71@school.edu | T72: 32 | U72: =IF(Teacher_Data[[#This Row],[Completion_Status]]="Completed","Yes","No") -> No | V72: =IF(Teacher_Data[[#This Row],[Completion_Status]]="Completed",1,0) -> 0 | W72: =1 -> 1 | X72: =Teacher_Data[[#This Row],[End_Date]]-Teacher_Data[[#This Row],[Start_Date]] -> 31 | Y72: =_xlfn.IFS(Teacher_Data[[#This Row],[Experience_Years]]<=5,"0-5 Years",Teacher_Data[[#This Row],[Experience_Years]]<=10,"5-10 Years",Teacher_Data[[#This Row],[Experience_Years]]<=20,"11-20 Years",TRUE,"20+ Years") -> 20+ Years
A73: T0072 | B73: Priya S | C73: Female | D73: 42 | E73: International School | F73: Social Science | G73: Inclusive Education | H73: Pedagogy | I73: Online | J73: 45489 | K73: 45500 | L73: Not Completed | M73: 2 | O73: No | P73: 23 | Q73: West | R73: Karnataka | S73: teacher72@school.edu | T73: 13 | U73: =IF(Teacher_Data[[#This Row],[Completion_Status]]="Completed","Yes","No") -> No | V73: =IF(Teacher_Data[[#This Row],[Completion_Status]]="Completed",1,0) -> 0 | W73: =1 -> 1 | X73: =Teacher_Data[[#This Row],[End_Date]]-Teacher_Data[[#This Row],[Start_Date]] -> 11 | Y73: =_xlfn.IFS(Teacher_Data[[#This Row],[Experience_Years]]<=5,"0-5 Years",Teacher_Data[[#This Row],[Experience_Years]]<=10,"5-10 Years",Teacher_Data[[#This Row],[Experience_Years]]<=20,"11-20 Years",TRUE,"20+ Years") -> 11-20 Years
A74: T0073 | B74: Pooja K | C74: Female | D74: 57 | E74: Govt High School | F74: English | G74: Digital Teaching | H74: Pedagogy | I74: Hybrid | J74: 45456 | K74: 45500 | L74: In Progress | M74: 42 | O74: No | P74: 13 | Q74: West | R74: Karnataka | S74: teacher73@school.edu | T74: 16 | U74: =IF(Teacher_Data[[#This Row],[Completion_Status]]="Completed","Yes","No") -> No | V74: =IF(Teacher_Data[[#This Row],[Completion_Status]]="Completed",1,0) -> 0 | W74: =1 -> 1 | X74: =Teacher_Data[[#This Row],[End_Date]]-Teacher_Data[[#This Row],[Start_Date]] -> 44 | Y74: =_xlfn.IFS(Teacher_Data[[#This Row],[Experience_Years]]<=5,"0-5 Years",Teacher_Data[[#This Row],[Experience_Years]]<=10,"5-10 Years",Teacher_Data[[#This Row],[Experience_Years]]<=20,"11-20 Years",TRUE,"20+ Years") -> 11-20 Years
A75: T0074 | B75: Rahul S | C75: Female | D75: 34 | E75: Public School | F75: Science | G75: EdTech Tools | H75: Pedagogy | I75: Online | J75: 45442 | K75: 45475 | L75: Not Completed | M75: 22 | O75: No | P75: 28 | Q75: North | R75: Karnataka | S75: teacher74@school.edu | T75: 5 | U75: =IF(Teacher_Data[[#This Row],[Completion_Status]]="Completed","Yes","No") -> No | V75: =IF(Teacher_Data[[#This Row],[Completion_Status]]="Completed",1,0) -> 0 | W75: =1 -> 1 | X75: =Teacher_Data[[#This Row],[End_Date]]-Teacher_Data[[#This Row],[Start_Date]] -> 33 | Y75: =_xlfn.IFS(Teacher_Data[[#This Row],[Experience_Years]]<=5,"0-5 Years",Teacher_Data[[#This Row],[Experience_Years]]<=10,"5-10 Years",Teacher_Data[[#This Row],[Experience_Years]]<=20,"11-20 Years",TRUE,"20+ Years") -> 0-5 Years
A76: T0075 | B76: Anjali S | C76: Male | D76: 37 | E76: International School | F76: Social Science | G76: Digital Teaching | H76: Technology | I76: Offline | J76: 45480 | K76: 45487 | L76: Not Completed | M76: 2 | O76: No | P76: 9 | Q76: West | R76: Delhi | S76: teacher75@school.edu | T76: 15 | U76: =IF(Teacher_Data[[#This Row],[Completion_Status]]="Completed","Yes","No") -> No | V76: =IF(Teacher_Data[[#This Row],[Completion_Status]]="Completed",1,0) -> 0 | W76: =1 -> 1 | X76: =Teacher_Data[[#This Row],[End_Date]]-Teacher_Data[[#This Row],[Start_Date]] -> 7 | Y76: =_xlfn.IFS(Teacher_Data[[#This Row],[Experience_Years]]<=5,"0-5 Years",Teacher_Data[[#This Row],[Experience_Years]]<=10,"5-10 Years",Teacher_Data[[#This Row],[Experience_Years]]<=20,"11-20 Years",TRUE,"20+ Years") -> 11-20 Years
A77: T0076 | B77: Anjali R | C77: Male | D77: 50 | E77: Central School | F77: Computer Science | G77: Assessment Skills | H77: Assessment | I77: Offline | J77: 45359 | K77: 45406 | L77: Not Completed | M77: 26 | O77: No | P77: 17 | Q77: North | R77: Delhi | S77: teacher76@school.edu | T77: 35 | U77: =IF(Teacher_Data[[#This Row],[Completion_Status]]="Completed","Yes","No") -> No | V77: =IF(Teacher_Data[[#This Row],[Completion_Status]]="Completed",1,0) -> 0 | W77: =1 -> 1 | X77: =Teacher_Data[[#This Row],[End_Date]]-Teacher_Data[[#This Row],[Start_Date]] -> 47 | Y77: =_xlfn.IFS(Teacher_Data[[#This Row],[Experience_Years]]<=5,"0-5 Years",Teacher_Data[[#This Row],[Experience_Years]]<=10,"5-10 Years",Teacher_Data[[#This Row],[Experience_Years]]<=20,"11-20 Years",TRUE,"20+ Years") -> 20+ Years
A78: T0077 | B78: Priya M | C78: Female | D78: 32 | E78: Govt High School | F78: Social Science | G78: Assessment Skills | H78: Technology | I78: Hybrid | J78: 45432 | K78: 45478 | L78: Completed | M78: 94 | N78: 66 | O78: Yes | P78: 8 | Q78: North | R78: Kerala | S78: teacher77@school.edu | T78: 6 | U78: =IF(Teacher_Data[[#This Row],[Completion_Status]]="Completed","Yes","No") -> Yes | V78: =IF(Teacher_Data[[#This Row],[Completion_Status]]="Completed",1,0) -> 1 | W78: =1 -> 1 | X78: =Teacher_Data[[#This Row],[End_Date]]-Teacher_Data[[#This Row],[Start_Date]] -> 46 | Y78: =_xlfn.IFS(Teacher_Data[[#This Row],[Experience_Years]]<=5,"0-5 Years",Teacher_Data[[#This Row],[Experience_Years]]<=10,"5-10 Years",Teacher_Data[[#This Row],[Experience_Years]]<=20,"11-20 Years",TRUE,"20+ Years") -> 5-10 Years
A79: T0078 | B79: Sneha R | C79: Male | D79: 25 | E79: Govt High School | F79: Maths | G79: Digital Teaching | H79: Assessment | I79: Offline | J79: 45493 | K79: 45510 | L79: In Progress | M79: 77 | O79: No | P79: 30 | Q79: North | R79: Kerala | S79: teacher78@school.edu | T79: 7 | U79: =IF(Teacher_Data[[#This Row],[Completion_Status]]="Completed","Yes","No") -> No | V79: =IF(Teacher_Data[[#This Row],[Completion_Status]]="Completed",1,0) -> 0 | W79: =1 -> 1 | X79: =Teacher_Data[[#This Row],[End_Date]]-Teacher_Data[[#This Row],[Start_Date]] -> 17 | Y79: =_xlfn.IFS(Teacher_Data[[#This Row],[Experience_Years]]<=5,"0-5 Years",Teacher_Data[[#This Row],[Experience_Years]]<=10,"5-10 Years",Teacher_Data[[#This Row],[Experience_Years]]<=20,"11-20 Years",TRUE,"20+ Years") -> 5-10 Years
A80: T0079 | B80: Neha R | C80: Female | D80: 44 | E80: International School | F80: Social Science | G80: EdTech Tools | H80: Pedagogy | I80: Offline | J80: 45460 | K80: 45483 | L80: In Progress | M80: 68 | O80: No | P80: 17 | Q80: East | R80: Karnataka | S80: teacher79@school.edu | T80: 10 | U80: =IF(Teacher_Data[[#This Row],[Completion_Status]]="Completed","Yes","No") -> No | V80: =IF(Teacher_Data[[#This Row],[Completion_Status]]="Completed",1,0) -> 0 | W80: =1 -> 1 | X80: =Teacher_Data[[#This Row],[End_Date]]-Teacher_Data[[#This Row],[Start_Date]] -> 23 | Y80: =_xlfn.IFS(Teacher_Data[[#This Row],[Experience_Years]]<=5,"0-5 Years",Teacher_Data[[#This Row],[Experience_Years]]<=10,"5-10 Years",Teacher_Data[[#This Row],[Experience_Years]]<=20,"11-20 Years",TRUE,"20+ Years") -> 5-10 Years
A81: T0080 | B81: Kiran M | C81: Female | D81: 56 | E81: Govt High School | F81: Science | G81: Classroom Management | H81: Professional Development | I81: Hybrid | J81: 45418 | K81: 45426 | L81: Not Completed | M81: 12 | O81: No | P81: 18 | Q81: South | R81: Tamil Nadu | S81: teacher80@school.edu | T81: 23 | U81: =IF(Teacher_Data[[#This Row],[Completion_Status]]="Completed","Yes","No") -> No | V81: =IF(Teacher_Data[[#This Row],[Completion_Status]]="Completed",1,0) -> 0 | W81: =1 -> 1 | X81: =Teacher_Data[[#This Row],[End_Date]]-Teacher_Data[[#This Row],[Start_Date]] -> 8 | Y81: =_xlfn.IFS(Teacher_Data[[#This Row],[Experience_Years]]<=5,"0-5 Years",Teacher_Data[[#This Row],[Experience_Years]]<=10,"5-10 Years",Teacher_Data[[#This Row],[Experience_Years]]<=20,"11-20 Years",TRUE,"20+ Years") -> 20+ Years
A82: T0081 | B82: Sneha R | C82: Female | D82: 23 | E82: Govt High School | F82: Maths | G82: Assessment Skills | H82: Technology | I82: Hybrid | J82: 45578 | K82: 45598 | L82: In Progress | M82: 63 | O82: No | P82: 49 | Q82: West | R82: Delhi | S82: teacher81@school.edu | T82: 9 | U82: =IF(Teacher_Data[[#This Row],[Completion_Status]]="Completed","Yes","No") -> No | V82: =IF(Teacher_Data[[#This Row],[Completion_Status]]="Completed",1,0) -> 0 | W82: =1 -> 1 | X82: =Teacher_Data[[#This Row],[End_Date]]-Teacher_Data[[#This Row],[Start_Date]] -> 20 | Y82: =_xlfn.IFS(Teacher_Data[[#This Row],[Experience_Years]]<=5,"0-5 Years",Teacher_Data[[#This Row],[Experience_Years]]<=10,"5-10 Years",Teacher_Data[[#This Row],[Experience_Years]]<=20,"11-20 Years",TRUE,"20+ Years") -> 5-10 Years
A83: T0082 | B83: Rahul K | C83: Female | D83: 24 | E83: Govt High School | F83: Maths | G83: Assessment Skills | H83: Pedagogy | I83: Offline | J83: 45366 | K83: 45414 | L83: Completed | M83: 52 | N83: 53 | O83: Yes | P83: 32 | Q83: West | R83: Karnataka | S83: teacher82@school.edu | T83: 10 | U83: =IF(Teacher_Data[[#This Row],[Completion_Status]]="Completed","Yes","No") -> Yes | V83: =IF(Teacher_Data[[#This Row],[Completion_Status]]="Completed",1,0) -> 1 | W83: =1 -> 1 | X83: =Teacher_Data[[#This Row],[End_Date]]-Teacher_Data[[#This Row],[Start_Date]] -> 48 | Y83: =_xlfn.IFS(Teacher_Data[[#This Row],[Experience_Years]]<=5,"0-5 Years",Teacher_Data[[#This Row],[Experience_Years]]<=10,"5-10 Years",Teacher_Data[[#This Row],[Experience_Years]]<=20,"11-20 Years",TRUE,"20+ Years") -> 5-10 Years
A84: T0083 | B84: Amit R | C84: Female | D84: 48 | E84: International School | F84: Social Science | G84: Assessment Skills | H84: Professional Development | I84: Online | J84: 45317 | K84: 45360 | L84: Not Completed | M84: 28 | O84: No | P84: 32 | Q84: South | R84: Kerala | S84: teacher83@school.edu | T84: 6 | U84: =IF(Teacher_Data[[#This Row],[Completion_Status]]="Completed","Yes","No") -> No | V84: =IF(Teacher_Data[[#This Row],[Completion_Status]]="Completed",1,0) -> 0 | W84: =1 -> 1 | X84: =Teacher_Data[[#This Row],[End_Date]]-Teacher_Data[[#This Row],[Start_Date]] -> 43 | Y84: =_xlfn.IFS(Teacher_Data[[#This Row],[Experience_Years]]<=5,"0-5 Years",Teacher_Data[[#This Row],[Experience_Years]]<=10,"5-10 Years",Teacher_Data[[#This Row],[Experience_Years]]<=20,"11-20 Years",TRUE,"20+ Years") -> 5-10 Years
A85: T0084 | B85: Neha R | C85: Male | D85: 59 | E85: Govt High School | F85: Science | G85: Digital Teaching | H85: Technology | I85: Hybrid | J85: 45486 | K85: 45510 | L85: In Progress | M85: 71 | O85: No | P85: 31 | Q85: East | R85: Karnataka | S85: teacher84@school.edu | T85: 28 | U85: =IF(Teacher_Data[[#This Row],[Completion_Status]]="Completed","Yes","No") -> No | V85: =IF(Teacher_Data[[#This Row],[Completion_Status]]="Completed",1,0) -> 0 | W85: =1 -> 1 | X85: =Teacher_Data[[#This Row],[End_Date]]-Teacher_Data[[#This Row],[Start_Date]] -> 24 | Y85: =_xlfn.IFS(Teacher_Data[[#This Row],[Experience_Years]]<=5,"0-5 Years",Teacher_Data[[#This Row],[Experience_Years]]<=10,"5-10 Years",Teacher_Data[[#This Row],[Experience_Years]]<=20,"11-20 Years",TRUE,"20+ Years") -> 20+ Years
A86: T0085 | B86: Kiran R | C86: Male | D86: 51 | E86: Public School | F86: Computer Science | G86: Assessment Skills | H86: Pedagogy | I86: Online | J86: 45393 | K86: 45424 | L86: In Progress | M86: 77 | O86: No | P86: 10 | Q86: South | R86: Kerala | S86: teacher85@school.edu | T86: 21 | U86: =IF(Teacher_Data[[#This Row],[Completion_Status]]="Completed","Yes","No") -> No | V86: =IF(Teacher_Data[[#This Row],[Completion_Status]]="Completed",1,0) -> 0 | W86: =1 -> 1 | X86: =Teacher_Data[[#This Row],[End_Date]]-Teacher_Data[[#This Row],[Start_Date]] -> 31 | Y86: =_xlfn.IFS(Teacher_Data[[#This Row],[Experience_Years]]<=5,"0-5 Years",Teacher_Data[[#This Row],[Experience_Years]]<=10,"5-10 Years",Teacher_Data[[#This Row],[Experience_Years]]<=20,"11-20 Years",TRUE,"20+ Years") -> 20+ Years
A87: T0086 | B87: Ravi S | C87: Female | D87: 51 | E87: Central School | F87: Science | G87: Inclusive Education | H87: Technology | I87: Online | J87: 45496 | K87: 45544 | L87: Not Completed | M87: 6 | O87: No | P87: 33 | Q87: North | R87: Maharashtra | S87: teacher86@school.edu | T87: 27 | U87: =IF(Teacher_Data[[#This Row],[Completion_Status]]="Completed","Yes","No") -> No | V87: =IF(Teacher_Data[[#This Row],[Completion_Status]]="Completed",1,0) -> 0 | W87: =1 -> 1 | X87: =Teacher_Data[[#This Row],[End_Date]]-Teacher_Data[[#This Row],[Start_Date]] -> 48 | Y87: =_xlfn.IFS(Teacher_Data[[#This Row],[Experience_Years]]<=5,"0-5 Years",Teacher_Data[[#This Row],[Experience_Years]]<=10,"5-10 Years",Teacher_Data[[#This Row],[Experience_Years]]<=20,"11-20 Years",TRUE,"20+ Years") -> 20+ Years
A88: T0087 | B88: Suresh S | C88: Female | D88: 57 | E88: International School | F88: English | G88: Classroom Management | H88: Professional Development | I88: Hybrid | J88: 45475 | K88: 45520 | L88: Not Completed | M88: 20 | O88: No | P88: 40 | Q88: South | R88: Karnataka | S88: teacher87@school.edu | T88: 30 | U88: =IF(Teacher_Data[[#This Row],[Completion_Status]]="Completed","Yes","No") -> No | V88: =IF(Teacher_Data[[#This Row],[Completion_Status]]="Completed",1,0) -> 0 | W88: =1 -> 1 | X88: =Teacher_Data[[#This Row],[End_Date]]-Teacher_Data[[#This Row],[Start_Date]] -> 45 | Y88: =_xlfn.IFS(Teacher_Data[[#This Row],[Experience_Years]]<=5,"0-5 Years",Teacher_Data[[#This Row],[Experience_Years]]<=10,"5-10 Years",Teacher_Data[[#This Row],[Experience_Years]]<=20,"11-20 Years",TRUE,"20+ Years") -> 20+ Years
A89: T0088 | B89: Priya R | C89: Female | D89: 37 | E89: Govt High School | F89: Social Science | G89: Classroom Management | H89: Technology | I89: Online | J89: 45580 | K89: 45637 | L89: Not Completed | M89: 31 | O89: No | P89: 29 | Q89: West | R89: Kerala | S89: teacher88@school.edu | T89: 4 | U89: =IF(Teacher_Data[[#This Row],[Completion_Status]]="Completed","Yes","No") -> No | V89: =IF(Teacher_Data[[#This Row],[Completion_Status]]="Completed",1,0) -> 0 | W89: =1 -> 1 | X89: =Teacher_Data[[#This Row],[End_Date]]-Teacher_Data[[#This Row],[Start_Date]] -> 57 | Y89: =_xlfn.IFS(Teacher_Data[[#This Row],[Experience_Years]]<=5,"0-5 Years",Teacher_Data[[#This Row],[Experience_Years]]<=10,"5-10 Years",Teacher_Data[[#This Row],[Experience_Years]]<=20,"11-20 Years",TRUE,"20+ Years") -> 0-5 Years
A90: T0089 | B90: Amit K | C90: Male | D90: 33 | E90: Public School | F90: Science | G90: EdTech Tools | H90: Technology | I90: Online | J90: 45452 | K90: 45501 | L90: Not Completed | M90: 23 | O90: No | P90: 35 | Q90: West | R90: Kerala | S90: teacher89@school.edu | T90: 21 | U90: =IF(Teacher_Data[[#This Row],[Completion_Status]]="Completed","Yes","No") -> No | V90: =IF(Teacher_Data[[#This Row],[Completion_Status]]="Completed",1,0) -> 0 | W90: =1 -> 1 | X90: =Teacher_Data[[#This Row],[End_Date]]-Teacher_Data[[#This Row],[Start_Date]] -> 49 | Y90: =_xlfn.IFS(Teacher_Data[[#This Row],[Experience_Years]]<=5,"0-5 Years",Teacher_Data[[#This Row],[Experience_Years]]<=10,"5-10 Years",Teacher_Data[[#This Row],[Experience_Years]]<=20,"11-20 Years",TRUE,"20+ Years") -> 20+ Years
A91: T0090 | B91: Kiran K | C91: Female | D91: 58 | E91: Public School | F91: English | G91: EdTech Tools | H91: Professional Development | I91: Hybrid | J91: 45371 | K91: 45428 | L91: In Progress | M91: 94 | O91: No | P91: 40 | Q91: South | R91: Delhi | S91: teacher90@school.edu | T91: 31 | U91: =IF(Teacher_Data[[#This Row],[Completion_Status]]="Completed","Yes","No") -> No | V91: =IF(Teacher_Data[[#This Row],[Completion_Status]]="Completed",1,0) -> 0 | W91: =1 -> 1 | X91: =Teacher_Data[[#This Row],[End_Date]]-Teacher_Data[[#This Row],[Start_Date]] -> 57 | Y91: =_xlfn.IFS(Teacher_Data[[#This Row],[Experience_Years]]<=5,"0-5 Years",Teacher_Data[[#This Row],[Experience_Years]]<=10,"5-10 Years",Teacher_Data[[#This Row],[Experience_Years]]<=20,"11-20 Years",TRUE,"20+ Years") -> 20+ Years
A92: T0091 | B92: Amit M | C92: Male | D92: 31 | E92: Central School | F92: Computer Science | G92: Assessment Skills | H92: Technology | I92: Hybrid | J92: 45511 | K92: 45520 | L92: Not Completed | M92: 2 | O92: No | P92: 9 | Q92: South | R92: Kerala | S92: teacher91@school.edu | T92: 17 | U92: =IF(Teacher_Data[[#This Row],[Completion_Status]]="Completed","Yes","No") -> No | V92: =IF(Teacher_Data[[#This Row],[Completion_Status]]="Completed",1,0) -> 0 | W92: =1 -> 1 | X92: =Teacher_Data[[#This Row],[End_Date]]-Teacher_Data[[#This Row],[Start_Date]] -> 9 | Y92: =_xlfn.IFS(Teacher_Data[[#This Row],[Experience_Years]]<=5,"0-5 Years",Teacher_Data[[#This Row],[Experience_Years]]<=10,"5-10 Years",Teacher_Data[[#This Row],[Experience_Years]]<=20,"11-20 Years",TRUE,"20+ Years") -> 11-20 Years
A93: T0092 | B93: Anjali S | C93: Female | D93: 34 | E93: International School | F93: Maths | G93: Inclusive Education | H93: Technology | I93: Offline | J93: 45379 | K93: 45409 | L93: Completed | M93: 53 | N93: 57 | O93: Yes | P93: 20 | Q93: South | R93: Karnataka | S93: teacher92@school.edu | T93: 2 | U93: =IF(Teacher_Data[[#This Row],[Completion_Status]]="Completed","Yes","No") -> Yes | V93: =IF(Teacher_Data[[#This Row],[Completion_Status]]="Completed",1,0) -> 1 | W93: =1 -> 1 | X93: =Teacher_Data[[#This Row],[End_Date]]-Teacher_Data[[#This Row],[Start_Date]] -> 30 | Y93: =_xlfn.IFS(Teacher_Data[[#This Row],[Experience_Years]]<=5,"0-5 Years",Teacher_Data[[#This Row],[Experience_Years]]<=10,"5-10 Years",Teacher_Data[[#This Row],[Experience_Years]]<=20,"11-20 Years",TRUE,"20+ Years") -> 0-5 Years
A94: T0093 | B94: Suresh K | C94: Male | D94: 41 | E94: Central School | F94: Social Science | G94: Assessment Skills | H94: Pedagogy | I94: Hybrid | J94: 45396 | K94: 45418 | L94: Not Completed | M94: 32 | O94: No | P94: 37 | Q94: North | R94: Karnataka | S94: teacher93@school.edu | T94: 30 | U94: =IF(Teacher_Data[[#This Row],[Completion_Status]]="Completed","Yes","No") -> No | V94: =IF(Teacher_Data[[#This Row],[Completion_Status]]="Completed",1,0) -> 0 | W94: =1 -> 1 | X94: =Teacher_Data[[#This Row],[End_Date]]-Teacher_Data[[#This Row],[Start_Date]] -> 22 | Y94: =_xlfn.IFS(Teacher_Data[[#This Row],[Experience_Years]]<=5,"0-5 Years",Teacher_Data[[#This Row],[Experience_Years]]<=10,"5-10 Years",Teacher_Data[[#This Row],[Experience_Years]]<=20,"11-20 Years",TRUE,"20+ Years") -> 20+ Years
A95: T0094 | B95: Neha M | C95: Male | D95: 42 | E95: International School | F95: Social Science | G95: Classroom Management | H95: Professional Development | I95: Hybrid | J95: 45311 | K95: 45325 | L95: Completed | M95: 50 | N95: 85 | O95: Yes | P95: 19 | Q95: South | R95: Tamil Nadu | S95: teacher94@school.edu | T95: 18 | U95: =IF(Teacher_Data[[#This Row],[Completion_Status]]="Completed","Yes","No") -> Yes | V95: =IF(Teacher_Data[[#This Row],[Completion_Status]]="Completed",1,0) -> 1 | W95: =1 -> 1 | X95: =Teacher_Data[[#This Row],[End_Date]]-Teacher_Data[[#This Row],[Start_Date]] -> 14 | Y95: =_xlfn.IFS(Teacher_Data[[#This Row],[Experience_Years]]<=5,"0-5 Years",Teacher_Data[[#This Row],[Experience_Years]]<=10,"5-10 Years",Teacher_Data[[#This Row],[Experience_Years]]<=20,"11-20 Years",TRUE,"20+ Years") -> 11-20 Years
A96: T0095 | B96: Anjali S | C96: Female | D96: 58 | E96: Public School | F96: Maths | G96: Inclusive Education | H96: Technology | I96: Hybrid | J96: 45513 | K96: 45531 | L96: In Progress | M96: 57 | O96: No | P96: 8 | Q96: West | R96: Tamil Nadu | S96: teacher95@school.edu | T96: 25 | U96: =IF(Teacher_Data[[#This Row],[Completion_Status]]="Completed","Yes","No") -> No | V96: =IF(Teacher_Data[[#This Row],[Completion_Status]]="Completed",1,0) -> 0 | W96: =1 -> 1 | X96: =Teacher_Data[[#This Row],[End_Date]]-Teacher_Data[[#This Row],[Start_Date]] -> 18 | Y96: =_xlfn.IFS(Teacher_Data[[#This Row],[Experience_Years]]<=5,"0-5 Years",Teacher_Data[[#This Row],[Experience_Years]]<=10,"5-10 Years",Teacher_Data[[#This Row],[Experience_Years]]<=20,"11-20 Years",TRUE,"20+ Years") -> 20+ Years
A97: T0096 | B97: Anjali M | C97: Male | D97: 50 | E97: International School | F97: Computer Science | G97: EdTech Tools | H97: Assessment | I97: Online | J97: 45447 | K97: 45500 | L97: Not Completed | M97: 10 | O97: No | P97: 37 | Q97: North | R97: Delhi | S97: teacher96@school.edu | T97: 10 | U97: =IF(Teacher_Data[[#This Row],[Completion_Status]]="Completed","Yes","No") -> No | V97: =IF(Teacher_Data[[#This Row],[Completion_Status]]="Completed",1,0) -> 0 | W97: =1 -> 1 | X97: =Teacher_Data[[#This Row],[End_Date]]-Teacher_Data[[#This Row],[Start_Date]] -> 53 | Y97: =_xlfn.IFS(Teacher_Data[[#This Row],[Experience_Years]]<=5,"0-5 Years",Teacher_Data[[#This Row],[Experience_Years]]<=10,"5-10 Years",Teacher_Data[[#This Row],[Experience_Years]]<=20,"11-20 Years",TRUE,"20+ Years") -> 5-10 Years
A98: T0097 | B98: Pooja M | C98: Male | D98: 28 | E98: Govt High School | F98: Social Science | G98: Digital Teaching | H98: Assessment | I98: Offline | J98: 45516 | K98: 45524 | L98: Not Completed | M98: 16 | O98: No | P98: 22 | Q98: South | R98: Maharashtra | S98: teacher97@school.edu | T98: 34 | U98: =IF(Teacher_Data[[#This Row],[Completion_Status]]="Completed","Yes","No") -> No | V98: =IF(Teacher_Data[[#This Row],[Completion_Status]]="Completed",1,0) -> 0 | W98: =1 -> 1 | X98: =Teacher_Data[[#This Row],[End_Date]]-Teacher_Data[[#This Row],[Start_Date]] -> 8 | Y98: =_xlfn.IFS(Teacher_Data[[#This Row],[Experience_Years]]<=5,"0-5 Years",Teacher_Data[[#This Row],[Experience_Years]]<=10,"5-10 Years",Teacher_Data[[#This Row],[Experience_Years]]<=20,"11-20 Years",TRUE,"20+ Years") -> 20+ Years
A99: T0098 | B99: Ravi M | C99: Male | D99: 43 | E99: Public School | F99: Computer Science | G99: Assessment Skills | H99: Pedagogy | I99: Offline | J99: 45579 | K99: 45624 | L99: Completed | M99: 97 | N99: 79 | O99: Yes | P99: 49 | Q99: West | R99: Kerala | S99: teacher98@school.edu | T99: 14 | U99: =IF(Teacher_Data[[#This Row],[Completion_Status]]="Completed","Yes","No") -> Yes | V99: =IF(Teacher_Data[[#This Row],[Completion_Status]]="Completed",1,0) -> 1 | W99: =1 -> 1 | X99: =Teacher_Data[[#This Row],[End_Date]]-Teacher_Data[[#This Row],[Start_Date]] -> 45 | Y99: =_xlfn.IFS(Teacher_Data[[#This Row],[Experience_Years]]<=5,"0-5 Years",Teacher_Data[[#This Row],[Experience_Years]]<=10,"5-10 Years",Teacher_Data[[#This Row],[Experience_Years]]<=20,"11-20 Years",TRUE,"20+ Years") -> 11-20 Years
A100: T0099 | B100: Suresh R | C100: Female | D100: 41 | E100: International School | F100: Maths | G100: EdTech Tools | H100: Technology | I100: Offline | J100: 45339 | K100: 45348 | L100: Not Completed | M100: 20 | O100: No | P100: 7 | Q100: North | R100: Karnataka | S100: teacher99@school.edu | T100: 18 | U100: =IF(Teacher_Data[[#This Row],[Completion_Status]]="Completed","Yes","No") -> No | V100: =IF(Teacher_Data[[#This Row],[Completion_Status]]="Completed",1,0) -> 0 | W100: =1 -> 1 | X100: =Teacher_Data[[#This Row],[End_Date]]-Teacher_Data[[#This Row],[Start_Date]] -> 9 | Y100: =_xlfn.IFS(Teacher_Data[[#This Row],[Experience_Years]]<=5,"0-5 Years",Teacher_Data[[#This Row],[Experience_Years]]<=10,"5-10 Years",Teacher_Data[[#This Row],[Experience_Years]]<=20,"11-20 Years",TRUE,"20+ Years") -> 11-20 Years
...
